transaction_id,player_id,transaction_date,transaction_type,amount
T000001,P00004,2026-01-11,In-App Purchase,3.14
T000002,P00014,2026-01-23,In-App Purchase,4.99
T000003,P00017,2026-01-12,In-App Purchase,3.14
T000004,P00035,2026-01-13,In-App Purchase,9.39
T000005,P00051,2026-01-20,In-App Purchase,1.87
T000006,P00098,2026-01-11,In-App Purchase,7.51
T000007,P00098,2026-01-09,In-App Purchase,4.69
T000008,P00098,2026-01-08,In-App Purchase,9.39
T000009,P00099,2026-01-23,In-App Purchase,9.39
T000010,P00126,2026-01-15,In-App Purchase,5.24
T000011,P00133,2026-01-20,In-App Purchase,5.24
T000012,P00145,2026-01-15,In-App Purchase,2.81
T000013,P00155,2026-01-10,In-App Purchase,2.99
T000014,P00155,2026-01-12,In-App Purchase,7.99
T000015,P00159,2026-01-13,In-App Purchase,2.81
T000016,P00159,2026-01-17,In-App Purchase,2.81
T000017,P00187,2026-01-06,In-App Purchase,5.24
T000018,P00216,2026-01-08,In-App Purchase,2.99
T000019,P00246,2026-01-09,In-App Purchase,1.99
T000020,P00253,2026-01-17,In-App Purchase,8.39
T000021,P00292,2026-01-19,In-App Purchase,8.39
T000022,P00292,2026-01-08,In-App Purchase,10.49
T000023,P00307,2026-01-09,In-App Purchase,5.24
T000024,P00308,2026-01-17,In-App Purchase,3.14
T000025,P00325,2026-01-03,In-App Purchase,9.39
T000026,P00325,2026-01-03,In-App Purchase,7.51
T000027,P00342,2026-01-20,In-App Purchase,3.14
T000028,P00356,2026-01-06,In-App Purchase,3.14
T000029,P00359,2026-01-21,In-App Purchase,10.49
T000030,P00359,2026-01-21,In-App Purchase,10.49
T000031,P00361,2026-01-12,In-App Purchase,2.99
T000032,P00362,2026-01-15,In-App Purchase,4.99
T000033,P00375,2026-01-15,In-App Purchase,5.24
T000034,P00407,2026-01-13,In-App Purchase,4.99
T000035,P00463,2026-01-18,In-App Purchase,2.99
T000036,P00465,2026-01-13,In-App Purchase,3.14
T000037,P00481,2026-01-15,In-App Purchase,4.69
T000038,P00481,2026-01-20,In-App Purchase,1.87
T000039,P00530,2026-02-01,In-App Purchase,1.99
T000040,P00555,2026-01-11,In-App Purchase,7.99
T000041,P00575,2026-01-18,In-App Purchase,4.69
T000042,P00575,2026-01-07,In-App Purchase,7.51
T000043,P00575,2026-01-07,In-App Purchase,4.69
T000044,P00575,2026-01-04,In-App Purchase,4.69
T000045,P00598,2026-01-26,In-App Purchase,8.39
T000046,P00688,2026-01-15,In-App Purchase,4.69
T000047,P00722,2026-01-16,In-App Purchase,3.14
T000048,P00722,2026-01-14,In-App Purchase,3.14
T000049,P00750,2026-01-14,In-App Purchase,5.24
T000050,P00752,2026-01-02,In-App Purchase,1.87
T000051,P00752,2026-01-04,In-App Purchase,1.87
T000052,P00752,2026-01-07,In-App Purchase,2.81
T000053,P00796,2026-01-12,In-App Purchase,2.81
T000054,P00817,2026-01-31,In-App Purchase,1.87
T000055,P00817,2026-01-24,In-App Purchase,4.69
T000056,P00878,2026-01-15,In-App Purchase,2.09
T000057,P00878,2026-01-05,In-App Purchase,2.09
T000058,P00880,2026-01-09,In-App Purchase,3.14
T000059,P00884,2026-01-08,In-App Purchase,9.39
T000060,P00893,2026-01-01,In-App Purchase,4.69
T000061,P00909,2026-01-16,In-App Purchase,3.14
T000062,P00917,2026-01-01,In-App Purchase,9.39
T000063,P00917,2026-01-01,In-App Purchase,4.69
T000064,P00933,2026-01-08,In-App Purchase,4.69
T000065,P00933,2026-01-13,In-App Purchase,2.81
T000066,P00944,2026-01-09,In-App Purchase,1.99
T000067,P00949,2026-01-13,In-App Purchase,4.99
T000068,P00949,2026-01-18,In-App Purchase,14.99
T000069,P00949,2026-01-23,In-App Purchase,4.99
T000070,P00958,2026-02-02,In-App Purchase,2.81
T000071,P00958,2026-02-02,In-App Purchase,4.69
T000072,P00961,2026-02-04,In-App Purchase,10.49
T000073,P00961,2026-02-01,In-App Purchase,3.14
T000074,P00966,2026-01-21,In-App Purchase,2.81
T000075,P00973,2026-01-11,In-App Purchase,2.09
T000076,P00973,2026-01-15,In-App Purchase,5.24
T000077,P00980,2026-01-21,In-App Purchase,4.99
T000078,P00980,2026-01-15,In-App Purchase,9.99
T000079,P01008,2026-01-17,In-App Purchase,2.99
T000080,P01008,2026-01-17,In-App Purchase,7.99
T000081,P01048,2026-01-02,In-App Purchase,4.69
T000082,P01082,2026-01-10,In-App Purchase,10.49
T000083,P01082,2026-01-18,In-App Purchase,3.14
T000084,P01114,2026-01-17,In-App Purchase,4.99
T000085,P01117,2026-01-11,In-App Purchase,9.39
T000086,P01127,2026-01-14,In-App Purchase,1.99
T000087,P01127,2026-01-24,In-App Purchase,1.99
T000088,P01127,2026-01-14,In-App Purchase,7.99
T000089,P01147,2026-01-14,In-App Purchase,4.99
T000090,P01147,2026-01-15,In-App Purchase,1.99
T000091,P01153,2026-01-08,In-App Purchase,4.69
T000092,P01190,2026-01-08,In-App Purchase,4.99
T000093,P01196,2026-01-20,In-App Purchase,3.14
T000094,P01196,2026-01-12,In-App Purchase,3.14
T000095,P01202,2026-01-19,In-App Purchase,5.24
T000096,P01240,2026-01-13,In-App Purchase,1.99
T000097,P01269,2026-01-24,In-App Purchase,7.99
T000098,P01304,2026-01-06,In-App Purchase,4.99
T000099,P01311,2026-01-10,In-App Purchase,8.39
T000100,P01314,2026-01-08,In-App Purchase,2.99
T000101,P01366,2026-01-21,In-App Purchase,2.09
T000102,P01368,2026-01-11,In-App Purchase,4.69
T000103,P01421,2026-01-02,In-App Purchase,4.69
T000104,P01428,2026-01-10,In-App Purchase,2.99
T000105,P01434,2026-01-08,In-App Purchase,4.69
T000106,P01434,2026-01-09,In-App Purchase,14.09
T000107,P01474,2026-01-10,In-App Purchase,1.99
T000108,P01487,2026-01-10,In-App Purchase,2.09
T000109,P01499,2026-01-25,In-App Purchase,2.09
T000110,P01501,2026-01-11,In-App Purchase,1.87
T000111,P01501,2026-01-06,In-App Purchase,4.69
T000112,P01524,2026-01-08,In-App Purchase,7.51
T000113,P01524,2026-01-08,In-App Purchase,4.69
T000114,P01524,2026-01-20,In-App Purchase,1.87
T000115,P01566,2026-01-12,In-App Purchase,7.99
T000116,P01566,2026-01-12,In-App Purchase,2.99
T000117,P01607,2026-01-07,In-App Purchase,3.14
T000118,P01607,2026-01-05,In-App Purchase,8.39
T000119,P01607,2026-01-07,In-App Purchase,15.74
T000120,P01630,2026-01-14,In-App Purchase,2.81
T000121,P01631,2026-01-10,In-App Purchase,4.99
T000122,P01631,2026-01-05,In-App Purchase,2.99
T000123,P01631,2026-01-10,In-App Purchase,4.99
T000124,P01634,2026-01-11,In-App Purchase,2.81
T000125,P01653,2026-01-23,In-App Purchase,2.09
T000126,P01653,2026-01-10,In-App Purchase,10.49
T000127,P01654,2026-01-21,In-App Purchase,3.14
T000128,P01669,2026-01-30,In-App Purchase,2.81
T000129,P01669,2026-01-15,In-App Purchase,2.81
T000130,P01680,2026-01-17,In-App Purchase,5.24
T000131,P01680,2026-01-17,In-App Purchase,15.74
T000132,P01685,2026-01-02,In-App Purchase,2.81
T000133,P01685,2026-01-02,In-App Purchase,1.87
T000134,P01692,2026-02-02,In-App Purchase,3.14
T000135,P01714,2026-01-06,In-App Purchase,14.09
T000136,P01753,2026-01-14,In-App Purchase,4.69
T000137,P01782,2026-01-14,In-App Purchase,2.09
T000138,P01796,2026-01-22,In-App Purchase,3.14
T000139,P01797,2026-01-27,In-App Purchase,2.99
T000140,P01827,2026-01-04,In-App Purchase,3.14
T000141,P01827,2026-01-01,In-App Purchase,3.14
T000142,P01897,2026-01-15,In-App Purchase,4.99
T000143,P01900,2026-01-18,In-App Purchase,2.99
T000144,P01904,2026-01-12,In-App Purchase,7.51
T000145,P01904,2026-01-10,In-App Purchase,4.69
T000146,P01909,2026-01-29,In-App Purchase,2.09
T000147,P01920,2026-01-15,In-App Purchase,3.14
T000148,P01920,2026-01-15,In-App Purchase,5.24
T000149,P01957,2026-01-21,In-App Purchase,10.49
T000150,P01968,2026-01-04,In-App Purchase,1.87
T000151,P01987,2026-02-02,In-App Purchase,2.09
T000152,P01987,2026-02-02,In-App Purchase,8.39
T000153,P01987,2026-01-19,In-App Purchase,3.14
T000154,P02012,2026-01-09,In-App Purchase,14.09
T000155,P02027,2026-01-18,In-App Purchase,2.09
T000156,P02029,2026-01-28,In-App Purchase,9.99
T000157,P02039,2026-01-28,In-App Purchase,7.99
T000158,P02040,2026-01-10,In-App Purchase,4.69
T000159,P02042,2026-01-09,In-App Purchase,1.87
T000160,P02042,2026-01-09,In-App Purchase,2.81
T000161,P02079,2026-01-23,In-App Purchase,2.99
T000162,P02091,2026-01-15,In-App Purchase,9.39
T000163,P02093,2026-01-02,In-App Purchase,7.51
T000164,P02109,2026-01-26,In-App Purchase,4.99
T000165,P02109,2026-01-26,In-App Purchase,1.99
T000166,P02116,2026-01-08,In-App Purchase,8.39
T000167,P02116,2026-01-27,In-App Purchase,3.14
T000168,P02117,2026-01-23,In-App Purchase,4.69
T000169,P02156,2026-01-12,In-App Purchase,5.24
T000170,P02162,2026-01-03,In-App Purchase,7.51
T000171,P02180,2026-01-08,In-App Purchase,5.24
T000172,P02180,2026-01-08,In-App Purchase,3.14
T000173,P02187,2026-01-12,In-App Purchase,3.14
T000174,P02213,2026-01-05,In-App Purchase,4.69
T000175,P02213,2026-01-23,In-App Purchase,1.87
T000176,P02213,2026-01-23,In-App Purchase,1.87
T000177,P02225,2026-01-10,In-App Purchase,2.09
T000178,P02246,2026-01-06,In-App Purchase,7.99
T000179,P02246,2026-01-06,In-App Purchase,7.99
T000180,P02253,2026-01-21,In-App Purchase,14.09
T000181,P02297,2026-01-31,In-App Purchase,1.99
T000182,P02320,2026-01-03,In-App Purchase,7.99
T000183,P02333,2026-01-08,In-App Purchase,5.24
T000184,P02345,2026-01-31,In-App Purchase,1.99
T000185,P02345,2026-01-20,In-App Purchase,2.99
T000186,P02349,2026-01-19,In-App Purchase,8.39
T000187,P02421,2026-01-23,In-App Purchase,8.39
T000188,P02430,2026-01-14,In-App Purchase,8.39
T000189,P02430,2026-01-28,In-App Purchase,3.14
T000190,P02441,2026-01-14,In-App Purchase,10.49
T000191,P02441,2026-01-01,In-App Purchase,8.39
T000192,P02461,2026-01-09,In-App Purchase,2.81
T000193,P02461,2026-01-04,In-App Purchase,4.69
T000194,P02476,2026-01-20,In-App Purchase,4.69
T000195,P02476,2026-01-24,In-App Purchase,7.51
T000196,P02476,2026-01-05,In-App Purchase,2.81
T000197,P02497,2026-01-20,In-App Purchase,2.09
T000198,P02500,2026-01-29,In-App Purchase,2.99
T000199,P02503,2026-01-18,In-App Purchase,2.81
T000200,P02503,2026-01-18,In-App Purchase,14.09
T000201,P02520,2026-01-13,In-App Purchase,2.09
T000202,P02544,2026-01-16,In-App Purchase,2.99
T000203,P02587,2026-01-23,In-App Purchase,15.74
T000204,P02589,2026-01-06,In-App Purchase,1.87
T000205,P02589,2026-01-01,In-App Purchase,4.69
T000206,P02608,2026-01-23,In-App Purchase,5.24
T000207,P02608,2026-01-23,In-App Purchase,5.24
T000208,P02631,2026-01-16,In-App Purchase,1.99
T000209,P02635,2026-01-11,In-App Purchase,4.69
T000210,P02639,2026-01-21,In-App Purchase,7.51
T000211,P02663,2026-01-04,In-App Purchase,7.51
T000212,P02663,2026-01-02,In-App Purchase,7.51
T000213,P02684,2026-01-13,In-App Purchase,5.24
T000214,P02692,2026-01-07,In-App Purchase,2.81
T000215,P02723,2026-01-09,In-App Purchase,3.14
T000216,P02724,2026-01-06,In-App Purchase,2.99
T000217,P02757,2026-01-08,In-App Purchase,4.69
T000218,P02766,2026-01-13,In-App Purchase,3.14
T000219,P02781,2026-01-09,In-App Purchase,4.69
T000220,P02788,2026-01-14,In-App Purchase,1.87
T000221,P02788,2026-01-19,In-App Purchase,4.69
T000222,P02820,2026-01-24,In-App Purchase,1.99
T000223,P02820,2026-01-24,In-App Purchase,4.99
T000224,P02820,2026-01-09,In-App Purchase,1.99
T000225,P02832,2026-01-19,In-App Purchase,2.81
T000226,P02841,2026-01-15,In-App Purchase,15.74
T000227,P02841,2026-01-14,In-App Purchase,3.14
T000228,P02841,2026-01-15,In-App Purchase,3.14
T000229,P02846,2026-01-11,In-App Purchase,1.99
T000230,P02848,2026-01-14,In-App Purchase,1.99
T000231,P02872,2026-01-11,In-App Purchase,3.14
T000232,P02892,2026-01-06,In-App Purchase,4.69
T000233,P02902,2026-01-26,In-App Purchase,2.99
T000234,P02943,2026-01-18,In-App Purchase,3.14
T000235,P02945,2026-01-04,In-App Purchase,2.81
T000236,P02945,2026-01-07,In-App Purchase,7.51
T000237,P02947,2026-01-08,In-App Purchase,2.09
T000238,P02961,2026-01-07,In-App Purchase,1.87
T000239,P02965,2026-01-05,In-App Purchase,4.69
T000240,P02965,2026-01-05,In-App Purchase,2.81
T000241,P02969,2026-01-05,In-App Purchase,1.99
T000242,P02969,2026-01-11,In-App Purchase,2.99
T000243,P02978,2026-01-30,In-App Purchase,2.81
T000244,P02986,2026-01-13,In-App Purchase,2.81
T000245,P02986,2026-01-13,In-App Purchase,1.87
T000246,P03000,2026-01-19,In-App Purchase,2.09
T000247,P03000,2026-01-28,In-App Purchase,5.24
T000248,P03012,2026-01-07,In-App Purchase,1.99
T000249,P03012,2026-01-15,In-App Purchase,4.99
T000250,P03063,2026-01-09,In-App Purchase,5.24
T000251,P03088,2026-01-06,In-App Purchase,5.24
T000252,P03098,2026-01-07,In-App Purchase,4.99
T000253,P03109,2026-01-06,In-App Purchase,3.14
T000254,P03125,2026-01-16,In-App Purchase,5.24
T000255,P03134,2026-01-17,In-App Purchase,3.14
T000256,P03134,2026-01-10,In-App Purchase,5.24
T000257,P03141,2026-01-14,In-App Purchase,10.49
T000258,P03163,2026-01-04,In-App Purchase,7.51
T000259,P03167,2026-01-11,In-App Purchase,8.39
T000260,P03171,2026-01-01,In-App Purchase,2.09
T000261,P03171,2026-01-01,In-App Purchase,8.39
T000262,P03183,2026-01-11,In-App Purchase,5.24
T000263,P03197,2026-01-09,In-App Purchase,7.99
T000264,P03209,2026-01-11,In-App Purchase,5.24
T000265,P03209,2026-01-11,In-App Purchase,5.24
T000266,P03215,2026-01-13,In-App Purchase,4.69
T000267,P03215,2026-01-16,In-App Purchase,2.81
T000268,P03224,2026-01-10,In-App Purchase,5.24
T000269,P03226,2026-01-17,In-App Purchase,2.81
T000270,P03244,2026-01-12,In-App Purchase,1.99
T000271,P03244,2026-01-12,In-App Purchase,4.99
T000272,P03254,2026-01-15,In-App Purchase,5.24
T000273,P03266,2026-01-09,In-App Purchase,3.14
T000274,P03334,2026-01-12,In-App Purchase,5.24
T000275,P03348,2026-01-20,In-App Purchase,4.99
T000276,P03348,2026-01-10,In-App Purchase,7.99
T000277,P03360,2026-01-19,In-App Purchase,5.24
T000278,P03368,2026-01-21,In-App Purchase,7.99
T000279,P03372,2026-01-13,In-App Purchase,2.99
T000280,P03392,2026-01-11,In-App Purchase,5.24
T000281,P03392,2026-01-14,In-App Purchase,2.09
T000282,P03417,2026-01-10,In-App Purchase,4.69
T000283,P03419,2026-02-02,In-App Purchase,5.24
T000284,P03478,2026-01-30,In-App Purchase,10.49
T000285,P03478,2026-01-18,In-App Purchase,8.39
T000286,P03524,2026-01-11,In-App Purchase,5.24
T000287,P03530,2026-02-01,In-App Purchase,8.39
T000288,P03534,2026-01-03,In-App Purchase,8.39
T000289,P03534,2026-01-09,In-App Purchase,3.14
T000290,P03536,2026-01-07,In-App Purchase,1.99
T000291,P03540,2026-01-10,In-App Purchase,7.99
T000292,P03600,2026-01-17,In-App Purchase,2.81
T000293,P03600,2026-01-26,In-App Purchase,7.51
T000294,P03617,2026-01-17,In-App Purchase,7.99
T000295,P03653,2026-01-05,In-App Purchase,2.99
T000296,P03655,2026-01-07,In-App Purchase,2.99
T000297,P03676,2026-01-01,In-App Purchase,7.51
T000298,P03709,2026-01-25,In-App Purchase,8.39
T000299,P03726,2026-01-28,In-App Purchase,5.24
T000300,P03738,2026-01-09,In-App Purchase,14.09
T000301,P03756,2026-01-09,In-App Purchase,9.99
T000302,P03781,2026-01-06,In-App Purchase,7.99
T000303,P03785,2026-01-03,In-App Purchase,2.99
T000304,P03786,2026-01-17,In-App Purchase,7.99
T000305,P03796,2026-01-22,In-App Purchase,2.81
T000306,P03796,2026-01-15,In-App Purchase,4.69
T000307,P03798,2026-01-02,In-App Purchase,9.99
T000308,P03800,2026-01-19,In-App Purchase,4.69
T000309,P03818,2026-01-02,In-App Purchase,4.99
T000310,P03838,2026-01-12,In-App Purchase,4.69
T000311,P03848,2026-01-18,In-App Purchase,15.74
T000312,P03867,2026-01-02,In-App Purchase,9.39
T000313,P03867,2026-01-02,In-App Purchase,1.87
T000314,P03873,2026-01-14,In-App Purchase,8.39
T000315,P03873,2026-01-19,In-App Purchase,15.74
T000316,P03873,2026-01-14,In-App Purchase,8.39
T000317,P03882,2026-01-05,In-App Purchase,7.99
T000318,P03883,2026-01-09,In-App Purchase,2.99
T000319,P03891,2026-01-19,In-App Purchase,7.51
T000320,P03891,2026-01-19,In-App Purchase,2.81
T000321,P03891,2026-01-06,In-App Purchase,4.69
T000322,P03936,2026-01-06,In-App Purchase,1.99
T000323,P03949,2026-01-20,In-App Purchase,4.69
T000324,P03949,2026-01-12,In-App Purchase,4.69
T000325,P03966,2026-01-22,In-App Purchase,4.99
T000326,P03967,2026-01-16,In-App Purchase,4.99
T000327,P03967,2026-01-15,In-App Purchase,4.99
T000328,P03969,2026-01-07,In-App Purchase,8.39
T000329,P04005,2026-01-18,In-App Purchase,1.87
T000330,P04028,2026-01-07,In-App Purchase,4.69
T000331,P04032,2026-01-17,In-App Purchase,3.14
T000332,P04033,2026-01-10,In-App Purchase,3.14
T000333,P04053,2026-01-18,In-App Purchase,3.14
T000334,P04060,2026-01-04,In-App Purchase,5.24
T000335,P04073,2026-01-16,In-App Purchase,10.49
T000336,P04096,2026-01-27,In-App Purchase,2.09
T000337,P04128,2026-01-24,In-App Purchase,3.14
T000338,P04134,2026-01-18,In-App Purchase,5.24
T000339,P04184,2026-01-17,In-App Purchase,4.69
T000340,P04202,2026-01-10,In-App Purchase,14.99
T000341,P04227,2026-01-14,In-App Purchase,2.99
T000342,P04228,2026-01-24,In-App Purchase,2.81
T000343,P04275,2026-01-24,In-App Purchase,5.24
T000344,P04279,2026-01-09,In-App Purchase,5.24
T000345,P04279,2026-01-06,In-App Purchase,2.09
T000346,P04312,2026-01-14,In-App Purchase,15.74
T000347,P04312,2026-01-14,In-App Purchase,15.74
T000348,P04312,2026-01-17,In-App Purchase,8.39
T000349,P04321,2026-01-10,In-App Purchase,7.99
T000350,P04321,2026-01-10,In-App Purchase,4.99
T000351,P04345,2026-01-12,In-App Purchase,2.99
T000352,P04352,2026-01-15,In-App Purchase,3.14
T000353,P04373,2026-01-14,In-App Purchase,5.24
T000354,P04415,2026-01-03,In-App Purchase,7.51
T000355,P04498,2026-01-15,In-App Purchase,3.14
T000356,P04507,2026-01-09,In-App Purchase,7.51
T000357,P04517,2026-01-21,In-App Purchase,3.14
T000358,P04544,2026-01-08,In-App Purchase,8.39
T000359,P04561,2026-01-29,In-App Purchase,4.99
T000360,P04578,2026-01-28,In-App Purchase,4.99
T000361,P04593,2026-01-15,In-App Purchase,2.99
T000362,P04597,2026-01-10,In-App Purchase,9.99
T000363,P04619,2026-01-20,In-App Purchase,14.99
T000364,P04619,2026-01-10,In-App Purchase,2.99
T000365,P04621,2026-01-07,In-App Purchase,2.81
T000366,P04628,2026-01-07,In-App Purchase,7.99
T000367,P04633,2026-01-20,In-App Purchase,2.81
T000368,P04644,2026-01-18,In-App Purchase,4.69
T000369,P04660,2026-01-11,In-App Purchase,5.24
T000370,P04676,2026-01-20,In-App Purchase,2.99
T000371,P04676,2026-01-14,In-App Purchase,7.99
T000372,P04685,2026-01-06,In-App Purchase,2.81
T000373,P04685,2026-01-15,In-App Purchase,4.69
T000374,P04687,2026-01-09,In-App Purchase,14.99
T000375,P04691,2026-01-24,In-App Purchase,15.74
T000376,P04693,2026-01-24,In-App Purchase,1.99
T000377,P04693,2026-01-13,In-App Purchase,1.99
T000378,P04693,2026-01-14,In-App Purchase,7.99
T000379,P04697,2026-01-12,In-App Purchase,2.09
T000380,P04697,2026-01-20,In-App Purchase,5.24
T000381,P04783,2026-01-17,In-App Purchase,10.49
T000382,P04783,2026-01-17,In-App Purchase,3.14
T000383,P04783,2026-01-17,In-App Purchase,5.24
T000384,P04793,2026-01-11,In-App Purchase,4.99
T000385,P04793,2026-01-11,In-App Purchase,1.99
T000386,P04793,2026-01-24,In-App Purchase,2.99
T000387,P04809,2026-01-22,In-App Purchase,2.09
T000388,P04809,2026-01-14,In-App Purchase,8.39
T000389,P04886,2026-01-17,In-App Purchase,1.99
T000390,P04917,2026-01-11,In-App Purchase,2.99
T000391,P04917,2026-01-09,In-App Purchase,4.99
T000392,P04919,2026-01-20,In-App Purchase,2.81
T000393,P04919,2026-01-15,In-App Purchase,4.69
T000394,P04941,2026-01-03,In-App Purchase,5.24
T000395,P04941,2026-01-03,In-App Purchase,5.24
T000396,P04951,2026-01-14,In-App Purchase,1.99
T000397,P04959,2026-01-03,In-App Purchase,4.99
T000398,P04968,2026-01-18,In-App Purchase,1.99
T000399,P04973,2026-01-12,In-App Purchase,5.24
T000400,P04977,2026-01-06,In-App Purchase,5.24
T000401,P05012,2026-01-01,In-App Purchase,9.99
T000402,P05032,2026-01-03,In-App Purchase,5.24
T000403,P05042,2026-01-02,In-App Purchase,1.87
T000404,P05042,2026-01-20,In-App Purchase,1.87
T000405,P05044,2026-01-07,In-App Purchase,4.69
T000406,P05105,2026-01-12,In-App Purchase,1.87
T000407,P05114,2026-01-14,In-App Purchase,15.74
T000408,P05114,2026-01-20,In-App Purchase,8.39
T000409,P05143,2026-01-21,In-App Purchase,5.24
T000410,P05143,2026-01-05,In-App Purchase,2.09
T000411,P05144,2026-01-18,In-App Purchase,1.87
T000412,P05144,2026-01-14,In-App Purchase,1.87
T000413,P05156,2026-01-12,In-App Purchase,4.69
T000414,P05166,2026-01-10,In-App Purchase,4.69
T000415,P05166,2026-01-16,In-App Purchase,1.87
T000416,P05201,2026-01-09,In-App Purchase,2.09
T000417,P05206,2026-01-11,In-App Purchase,2.09
T000418,P05227,2026-01-18,In-App Purchase,2.99
T000419,P05232,2026-01-06,In-App Purchase,7.51
T000420,P05232,2026-01-01,In-App Purchase,1.87
T000421,P05254,2026-01-14,In-App Purchase,2.81
T000422,P05265,2026-01-15,In-App Purchase,8.39
T000423,P05298,2026-01-09,In-App Purchase,1.87
T000424,P05300,2026-01-03,In-App Purchase,7.99
T000425,P05343,2026-01-26,In-App Purchase,2.99
T000426,P05370,2026-01-12,In-App Purchase,3.14
T000427,P05370,2026-01-26,In-App Purchase,2.09
T000428,P05408,2026-01-21,In-App Purchase,2.09
T000429,P05408,2026-01-23,In-App Purchase,10.49
T000430,P05447,2026-01-04,In-App Purchase,14.99
T000431,P05461,2026-01-15,In-App Purchase,9.39
T000432,P05477,2026-01-10,In-App Purchase,4.99
T000433,P05480,2026-01-15,In-App Purchase,2.09
T000434,P05495,2026-01-21,In-App Purchase,3.14
T000435,P05495,2026-01-21,In-App Purchase,8.39
T000436,P05538,2026-01-18,In-App Purchase,2.09
T000437,P05542,2026-01-21,In-App Purchase,10.49
T000438,P05578,2026-01-13,In-App Purchase,7.99
T000439,P05581,2026-01-22,In-App Purchase,5.24
T000440,P05585,2026-01-31,In-App Purchase,9.39
T000441,P05613,2026-01-09,In-App Purchase,4.69
T000442,P05613,2026-01-10,In-App Purchase,9.39
T000443,P05613,2026-01-17,In-App Purchase,9.39
T000444,P05620,2026-01-10,In-App Purchase,1.87
T000445,P05621,2026-01-09,In-App Purchase,7.51
T000446,P05621,2026-01-03,In-App Purchase,1.87
T000447,P05623,2026-01-21,In-App Purchase,7.51
T000448,P05632,2026-01-02,In-App Purchase,4.99
T000449,P05632,2026-01-09,In-App Purchase,14.99
T000450,P05645,2026-01-08,In-App Purchase,9.99
T000451,P05666,2026-01-21,In-App Purchase,2.81
T000452,P05679,2026-01-05,In-App Purchase,10.49
T000453,P05698,2026-01-05,In-App Purchase,5.24
T000454,P05698,2026-01-05,In-App Purchase,2.09
T000455,P05702,2026-01-06,In-App Purchase,9.99
T000456,P05715,2026-01-18,In-App Purchase,3.14
T000457,P05736,2026-01-21,In-App Purchase,2.99
T000458,P05736,2026-01-09,In-App Purchase,4.99
T000459,P05738,2026-02-02,In-App Purchase,5.24
T000460,P05747,2026-01-25,In-App Purchase,2.81
T000461,P05747,2026-02-02,In-App Purchase,1.87
T000462,P05756,2026-01-15,In-App Purchase,9.99
T000463,P05762,2026-01-09,In-App Purchase,2.09
T000464,P05762,2026-01-08,In-App Purchase,8.39
T000465,P05779,2026-01-07,In-App Purchase,2.09
T000466,P05785,2026-01-14,In-App Purchase,5.24
T000467,P05785,2026-01-03,In-App Purchase,2.09
T000468,P05785,2026-01-14,In-App Purchase,15.74
T000469,P05785,2026-01-05,In-App Purchase,15.74
T000470,P05790,2026-01-18,In-App Purchase,9.39
T000471,P05801,2026-01-17,In-App Purchase,1.87
T000472,P05802,2026-01-07,In-App Purchase,2.81
T000473,P05805,2026-01-19,In-App Purchase,10.49
T000474,P05815,2026-01-14,In-App Purchase,2.81
T000475,P05850,2026-01-14,In-App Purchase,3.14
T000476,P05850,2026-01-30,In-App Purchase,5.24
T000477,P05913,2026-01-07,In-App Purchase,4.69
T000478,P05925,2026-01-14,In-App Purchase,3.14
T000479,P05940,2026-01-20,In-App Purchase,8.39
T000480,P05943,2026-01-08,In-App Purchase,5.24
T000481,P05947,2026-01-12,In-App Purchase,9.99
T000482,P05948,2026-01-22,In-App Purchase,4.99
T000483,P05959,2026-01-02,In-App Purchase,4.99
T000484,P05968,2026-01-08,In-App Purchase,2.09
T000485,P05975,2026-01-17,In-App Purchase,2.99
T000486,P05975,2026-01-05,In-App Purchase,9.99
T000487,P05981,2026-01-08,In-App Purchase,2.81
T000488,P05990,2026-01-22,In-App Purchase,1.99
T000489,P05992,2026-01-11,In-App Purchase,4.99
T000490,P06005,2026-01-29,In-App Purchase,2.99
T000491,P06017,2026-01-16,In-App Purchase,7.51
T000492,P06029,2026-01-09,In-App Purchase,4.99
T000493,P06063,2026-01-10,In-App Purchase,8.39
T000494,P06080,2026-01-14,In-App Purchase,5.24
T000495,P06084,2026-01-03,In-App Purchase,7.51
T000496,P06084,2026-01-03,In-App Purchase,4.69
T000497,P06131,2026-01-07,In-App Purchase,3.14
T000498,P06131,2026-01-07,In-App Purchase,2.09
T000499,P06151,2026-01-16,In-App Purchase,9.99
T000500,P06152,2026-01-08,In-App Purchase,5.24
T000501,P06152,2026-01-23,In-App Purchase,3.14
T000502,P06161,2026-01-05,In-App Purchase,2.99
T000503,P06161,2026-01-21,In-App Purchase,4.99
T000504,P06172,2026-01-10,In-App Purchase,3.14
T000505,P06179,2026-01-17,In-App Purchase,1.87
T000506,P06199,2026-01-09,In-App Purchase,4.99
T000507,P06199,2026-01-05,In-App Purchase,2.99
T000508,P06201,2026-01-15,In-App Purchase,2.81
T000509,P06216,2026-01-15,In-App Purchase,4.69
T000510,P06242,2026-01-11,In-App Purchase,4.99
T000511,P06260,2026-01-25,In-App Purchase,4.69
T000512,P06273,2026-01-18,In-App Purchase,1.99
T000513,P06292,2026-01-05,In-App Purchase,2.81
T000514,P06292,2026-01-05,In-App Purchase,2.81
T000515,P06318,2026-01-17,In-App Purchase,4.99
T000516,P06319,2026-01-02,In-App Purchase,4.99
T000517,P06319,2026-01-17,In-App Purchase,1.99
T000518,P06342,2026-01-06,In-App Purchase,4.99
T000519,P06366,2026-01-16,In-App Purchase,5.24
T000520,P06367,2026-01-07,In-App Purchase,10.49
T000521,P06367,2026-01-12,In-App Purchase,5.24
T000522,P06377,2026-01-09,In-App Purchase,1.87
T000523,P06381,2026-01-28,In-App Purchase,4.99
T000524,P06392,2026-01-15,In-App Purchase,3.14
T000525,P06423,2026-01-24,In-App Purchase,7.51
T000526,P06423,2026-01-24,In-App Purchase,2.81
T000527,P06446,2026-01-06,In-App Purchase,4.99
T000528,P06469,2026-01-04,In-App Purchase,2.81
T000529,P06469,2026-01-10,In-App Purchase,7.51
T000530,P06484,2026-01-06,In-App Purchase,15.74
T000531,P06508,2026-01-18,In-App Purchase,3.14
T000532,P06508,2026-01-22,In-App Purchase,8.39
T000533,P06554,2026-01-20,In-App Purchase,2.09
T000534,P06629,2026-01-04,In-App Purchase,2.99
T000535,P06629,2026-01-20,In-App Purchase,14.99
T000536,P06647,2026-01-05,In-App Purchase,1.87
T000537,P06711,2026-01-16,In-App Purchase,10.49
T000538,P06711,2026-01-16,In-App Purchase,8.39
T000539,P06718,2026-01-05,In-App Purchase,10.49
T000540,P06725,2026-01-05,In-App Purchase,7.99
T000541,P06749,2026-01-03,In-App Purchase,7.51
T000542,P06794,2026-01-08,In-App Purchase,2.09
T000543,P06794,2026-01-06,In-App Purchase,2.09
T000544,P06794,2026-01-11,In-App Purchase,15.74
T000545,P06796,2026-01-07,In-App Purchase,4.99
T000546,P06822,2026-01-08,In-App Purchase,7.99
T000547,P06829,2026-01-21,In-App Purchase,2.99
T000548,P06829,2026-01-21,In-App Purchase,14.99
T000549,P06875,2026-01-07,In-App Purchase,5.24
T000550,P06875,2026-01-08,In-App Purchase,3.14
T000551,P06888,2026-01-17,In-App Purchase,5.24
T000552,P06892,2026-01-16,In-App Purchase,1.99
T000553,P06907,2026-01-11,In-App Purchase,5.24
T000554,P06907,2026-01-22,In-App Purchase,15.74
T000555,P06926,2026-01-05,In-App Purchase,7.99
T000556,P06935,2026-01-07,In-App Purchase,5.24
T000557,P06935,2026-01-25,In-App Purchase,5.24
T000558,P06947,2026-01-11,In-App Purchase,4.99
T000559,P06951,2026-01-14,In-App Purchase,10.49
T000560,P06969,2026-01-14,In-App Purchase,5.24
T000561,P07027,2026-01-09,In-App Purchase,1.99
T000562,P07027,2026-01-09,In-App Purchase,7.99
T000563,P07027,2026-01-09,In-App Purchase,9.99
T000564,P07043,2026-01-09,In-App Purchase,8.39
T000565,P07047,2026-01-17,In-App Purchase,4.99
T000566,P07047,2026-01-23,In-App Purchase,4.99
T000567,P07047,2026-01-13,In-App Purchase,7.99
T000568,P07052,2026-01-23,In-App Purchase,1.87
T000569,P07056,2026-01-14,In-App Purchase,1.87
T000570,P07056,2026-01-15,In-App Purchase,2.81
T000571,P07079,2026-02-01,In-App Purchase,10.49
T000572,P07079,2026-01-25,In-App Purchase,3.14
T000573,P07082,2026-01-06,In-App Purchase,3.14
T000574,P07099,2026-01-28,In-App Purchase,2.81
T000575,P07102,2026-01-08,In-App Purchase,3.14
T000576,P07102,2026-01-04,In-App Purchase,10.49
T000577,P07102,2026-01-17,In-App Purchase,10.49
T000578,P07147,2026-01-12,In-App Purchase,7.51
T000579,P07153,2026-01-12,In-App Purchase,9.39
T000580,P07153,2026-01-16,In-App Purchase,2.81
T000581,P07158,2026-01-13,In-App Purchase,10.49
T000582,P07171,2026-01-08,In-App Purchase,7.51
T000583,P07175,2026-01-13,In-App Purchase,2.09
T000584,P07175,2026-01-13,In-App Purchase,5.24
T000585,P07178,2026-01-10,In-App Purchase,4.69
T000586,P07178,2026-01-10,In-App Purchase,4.69
T000587,P07273,2026-01-16,In-App Purchase,7.51
T000588,P07273,2026-01-02,In-App Purchase,2.81
T000589,P07325,2026-01-17,In-App Purchase,9.39
T000590,P07325,2026-01-10,In-App Purchase,4.69
T000591,P07326,2026-01-12,In-App Purchase,4.69
T000592,P07326,2026-01-13,In-App Purchase,7.51
T000593,P07339,2026-01-10,In-App Purchase,1.87
T000594,P07341,2026-01-07,In-App Purchase,4.99
T000595,P07362,2026-01-11,In-App Purchase,7.51
T000596,P07368,2026-01-15,In-App Purchase,2.99
T000597,P07369,2026-01-15,In-App Purchase,2.81
T000598,P07370,2026-01-12,In-App Purchase,9.39
T000599,P07377,2026-01-04,In-App Purchase,3.14
T000600,P07408,2026-01-01,In-App Purchase,14.99
T000601,P07412,2026-01-18,In-App Purchase,2.99
T000602,P07413,2026-01-14,In-App Purchase,5.24
T000603,P07433,2026-01-16,In-App Purchase,5.24
T000604,P07434,2026-01-10,In-App Purchase,4.99
T000605,P07456,2026-01-15,In-App Purchase,2.09
T000606,P07461,2026-01-19,In-App Purchase,8.39
T000607,P07491,2026-01-21,In-App Purchase,2.09
T000608,P07508,2026-01-19,In-App Purchase,9.39
T000609,P07540,2026-01-13,In-App Purchase,7.99
T000610,P07540,2026-02-02,In-App Purchase,7.99
T000611,P07548,2026-01-14,In-App Purchase,1.87
T000612,P07553,2026-01-15,In-App Purchase,9.39
T000613,P07569,2026-01-09,In-App Purchase,7.51
T000614,P07587,2026-01-15,In-App Purchase,3.14
T000615,P07587,2026-01-15,In-App Purchase,2.09
T000616,P07610,2026-01-04,In-App Purchase,5.24
T000617,P07623,2026-01-07,In-App Purchase,4.69
T000618,P07624,2026-01-22,In-App Purchase,5.24
T000619,P07624,2026-01-22,In-App Purchase,3.14
T000620,P07635,2026-01-16,In-App Purchase,5.24
T000621,P07641,2026-01-18,In-App Purchase,9.99
T000622,P07665,2026-01-16,In-App Purchase,10.49
T000623,P07683,2026-01-11,In-App Purchase,10.49
T000624,P07683,2026-01-24,In-App Purchase,5.24
T000625,P07700,2026-01-19,In-App Purchase,4.99
T000626,P07700,2026-01-14,In-App Purchase,1.99
T000627,P07700,2026-01-09,In-App Purchase,9.99
T000628,P07751,2026-01-06,In-App Purchase,9.99
T000629,P07786,2026-01-15,In-App Purchase,5.24
T000630,P07796,2026-01-03,In-App Purchase,2.99
T000631,P07796,2026-01-03,In-App Purchase,2.99
T000632,P07801,2026-01-15,In-App Purchase,4.69
T000633,P07802,2026-01-16,In-App Purchase,8.39
T000634,P07812,2026-01-09,In-App Purchase,4.99
T000635,P07812,2026-01-09,In-App Purchase,1.99
T000636,P07812,2026-01-09,In-App Purchase,4.99
T000637,P07813,2026-01-22,In-App Purchase,8.39
T000638,P07828,2026-01-27,In-App Purchase,2.81
T000639,P07835,2026-01-08,In-App Purchase,4.99
T000640,P07838,2026-01-09,In-App Purchase,4.69
T000641,P07840,2026-01-09,In-App Purchase,14.99
T000642,P07923,2026-01-14,In-App Purchase,1.99
T000643,P07936,2026-01-10,In-App Purchase,8.39
T000644,P07936,2026-01-21,In-App Purchase,5.24
T000645,P07945,2026-01-13,In-App Purchase,2.09
T000646,P08001,2026-01-01,In-App Purchase,4.99
T000647,P08001,2026-01-09,In-App Purchase,14.99
T000648,P08007,2026-01-03,In-App Purchase,5.24
T000649,P08007,2026-01-20,In-App Purchase,2.09
T000650,P08022,2026-01-07,In-App Purchase,3.14
T000651,P08022,2026-01-20,In-App Purchase,2.09
T000652,P08028,2026-01-02,In-App Purchase,4.69
T000653,P08028,2026-01-02,In-App Purchase,9.39
T000654,P08029,2026-01-25,In-App Purchase,9.99
T000655,P08086,2026-01-13,In-App Purchase,8.39
T000656,P08086,2026-01-13,In-App Purchase,15.74
T000657,P08089,2026-01-05,In-App Purchase,9.39
T000658,P08089,2026-01-05,In-App Purchase,9.39
T000659,P08146,2026-01-11,In-App Purchase,2.99
T000660,P08146,2026-01-11,In-App Purchase,4.99
T000661,P08146,2026-01-11,In-App Purchase,4.99
T000662,P08171,2026-01-25,In-App Purchase,7.51
T000663,P08197,2026-01-16,In-App Purchase,4.99
T000664,P08200,2026-01-22,In-App Purchase,2.81
T000665,P08228,2026-01-14,In-App Purchase,2.09
T000666,P08228,2026-01-26,In-App Purchase,10.49
T000667,P08257,2026-01-08,In-App Purchase,7.51
T000668,P08285,2026-01-25,In-App Purchase,8.39
T000669,P08311,2026-01-04,In-App Purchase,9.39
T000670,P08316,2026-01-14,In-App Purchase,1.99
T000671,P08316,2026-01-14,In-App Purchase,1.99
T000672,P08331,2026-01-14,In-App Purchase,8.39
T000673,P08342,2026-01-01,In-App Purchase,10.49
T000674,P08342,2026-01-10,In-App Purchase,5.24
T000675,P08366,2026-01-17,In-App Purchase,2.99
T000676,P08380,2026-01-16,In-App Purchase,9.39
T000677,P08380,2026-01-14,In-App Purchase,7.51
T000678,P08381,2026-01-02,In-App Purchase,3.14
T000679,P08381,2026-01-01,In-App Purchase,5.24
T000680,P08382,2026-01-25,In-App Purchase,8.39
T000681,P08382,2026-01-25,In-App Purchase,8.39
T000682,P08392,2026-01-11,In-App Purchase,2.99
T000683,P08398,2026-01-05,In-App Purchase,1.87
T000684,P08408,2026-01-04,In-App Purchase,5.24
T000685,P08446,2026-01-14,In-App Purchase,3.14
T000686,P08470,2026-01-13,In-App Purchase,1.99
T000687,P08470,2026-01-05,In-App Purchase,1.99
T000688,P08476,2026-01-07,In-App Purchase,15.74
T000689,P08489,2026-01-07,In-App Purchase,2.99
T000690,P08491,2026-01-16,In-App Purchase,4.69
T000691,P08491,2026-01-13,In-App Purchase,2.81
T000692,P08520,2026-01-13,In-App Purchase,4.69
T000693,P08531,2026-01-11,In-App Purchase,3.14
T000694,P08533,2026-01-14,In-App Purchase,5.24
T000695,P08547,2026-01-06,In-App Purchase,2.81
T000696,P08567,2026-01-18,In-App Purchase,9.99
T000697,P08567,2026-01-18,In-App Purchase,4.99
T000698,P08575,2026-01-16,In-App Purchase,14.09
T000699,P08588,2026-01-08,In-App Purchase,5.24
T000700,P08588,2026-01-02,In-App Purchase,8.39
T000701,P08588,2026-01-08,In-App Purchase,2.09
T000702,P08613,2026-01-16,In-App Purchase,9.39
T000703,P08651,2026-01-16,In-App Purchase,2.09
T000704,P08655,2026-01-05,In-App Purchase,2.09
T000705,P08675,2026-01-16,In-App Purchase,2.99
T000706,P08678,2026-01-17,In-App Purchase,2.09
T000707,P08701,2026-01-06,In-App Purchase,2.99
T000708,P08701,2026-01-04,In-App Purchase,9.99
T000709,P08726,2026-01-18,In-App Purchase,8.39
T000710,P08726,2026-01-14,In-App Purchase,5.24
T000711,P08726,2026-01-14,In-App Purchase,3.14
T000712,P08727,2026-01-04,In-App Purchase,10.49
T000713,P08748,2026-01-24,In-App Purchase,2.09
T000714,P08754,2026-01-31,In-App Purchase,2.09
T000715,P08754,2026-01-17,In-App Purchase,5.24
T000716,P08796,2026-01-28,In-App Purchase,8.39
T000717,P08800,2026-01-22,In-App Purchase,1.99
T000718,P08800,2026-01-22,In-App Purchase,7.99
T000719,P08818,2026-01-08,In-App Purchase,2.81
T000720,P08818,2026-01-08,In-App Purchase,2.81
T000721,P08845,2026-01-11,In-App Purchase,5.24
T000722,P08851,2026-01-15,In-App Purchase,2.81
T000723,P08866,2026-01-03,In-App Purchase,1.99
T000724,P08877,2026-01-02,In-App Purchase,1.87
T000725,P08879,2026-01-12,In-App Purchase,4.69
T000726,P08881,2026-01-22,In-App Purchase,5.24
T000727,P08886,2026-01-11,In-App Purchase,2.09
T000728,P08886,2026-01-06,In-App Purchase,5.24
T000729,P08898,2026-01-22,In-App Purchase,7.51
T000730,P08918,2026-01-15,In-App Purchase,2.09
T000731,P08919,2026-01-15,In-App Purchase,1.87
T000732,P08919,2026-01-13,In-App Purchase,2.81
T000733,P08945,2026-01-11,In-App Purchase,5.24
T000734,P08971,2026-01-25,In-App Purchase,10.49
T000735,P08971,2026-01-16,In-App Purchase,5.24
T000736,P08975,2026-01-07,In-App Purchase,4.69
T000737,P08998,2026-01-13,In-App Purchase,3.14
T000738,P09055,2026-01-08,In-App Purchase,14.99
T000739,P09106,2026-01-07,In-App Purchase,8.39
T000740,P09120,2026-01-23,In-App Purchase,4.69
T000741,P09120,2026-01-29,In-App Purchase,9.39
T000742,P09122,2026-01-08,In-App Purchase,2.81
T000743,P09159,2026-01-04,In-App Purchase,5.24
T000744,P09175,2026-01-15,In-App Purchase,4.69
T000745,P09241,2026-01-17,In-App Purchase,2.09
T000746,P09241,2026-01-07,In-App Purchase,10.49
T000747,P09244,2026-01-26,In-App Purchase,1.99
T000748,P09244,2026-01-28,In-App Purchase,14.99
T000749,P09263,2026-01-11,In-App Purchase,3.14
T000750,P09263,2026-01-11,In-App Purchase,8.39
T000751,P09280,2026-01-11,In-App Purchase,7.99
T000752,P09285,2026-01-24,In-App Purchase,2.99
T000753,P09314,2026-01-17,In-App Purchase,1.99
T000754,P09314,2026-01-15,In-App Purchase,7.99
T000755,P09321,2026-01-13,In-App Purchase,2.99
T000756,P09321,2026-01-05,In-App Purchase,1.99
T000757,P09322,2026-01-01,In-App Purchase,5.24
T000758,P09322,2026-01-01,In-App Purchase,3.14
T000759,P09345,2026-01-17,In-App Purchase,2.09
T000760,P09365,2026-01-03,In-App Purchase,1.99
T000761,P09372,2026-01-20,In-App Purchase,3.14
T000762,P09389,2026-01-05,In-App Purchase,2.99
T000763,P09429,2026-01-08,In-App Purchase,14.99
T000764,P09429,2026-01-06,In-App Purchase,9.99
T000765,P09469,2026-01-11,In-App Purchase,8.39
T000766,P09469,2026-01-08,In-App Purchase,2.09
T000767,P09473,2026-01-05,In-App Purchase,14.09
T000768,P09473,2026-01-02,In-App Purchase,1.87
T000769,P09496,2026-01-09,In-App Purchase,5.24
T000770,P09500,2026-01-11,In-App Purchase,7.99
T000771,P09504,2026-01-13,In-App Purchase,4.99
T000772,P09508,2026-01-03,In-App Purchase,2.99
T000773,P09508,2026-01-21,In-App Purchase,4.99
T000774,P09524,2026-01-10,In-App Purchase,8.39
T000775,P09570,2026-01-19,In-App Purchase,2.09
T000776,P09619,2026-01-19,In-App Purchase,1.87
T000777,P09624,2026-01-14,In-App Purchase,4.99
T000778,P09624,2026-01-23,In-App Purchase,4.99
T000779,P09624,2026-01-23,In-App Purchase,1.99
T000780,P09630,2026-01-10,In-App Purchase,1.99
T000781,P09663,2026-01-08,In-App Purchase,4.99
T000782,P09684,2026-01-08,In-App Purchase,2.99
T000783,P09685,2026-02-01,In-App Purchase,15.74
T000784,P09726,2026-01-10,In-App Purchase,1.99
T000785,P09734,2026-01-10,In-App Purchase,1.87
T000786,P09734,2026-01-19,In-App Purchase,1.87
T000787,P09749,2026-01-20,In-App Purchase,1.87
T000788,P09764,2026-01-25,In-App Purchase,1.99
T000789,P09782,2026-01-22,In-App Purchase,4.99
T000790,P09782,2026-01-16,In-App Purchase,4.99
T000791,P09782,2026-01-22,In-App Purchase,4.99
T000792,P09806,2026-01-18,In-App Purchase,1.99
T000793,P09807,2026-01-07,In-App Purchase,14.99
T000794,P09809,2026-01-23,In-App Purchase,3.14
T000795,P09809,2026-01-07,In-App Purchase,15.74
T000796,P09810,2026-01-23,In-App Purchase,1.87
T000797,P09821,2026-01-21,In-App Purchase,5.24
T000798,P09825,2026-01-17,In-App Purchase,2.99
T000799,P09834,2026-01-09,In-App Purchase,4.99
T000800,P09852,2026-01-29,In-App Purchase,9.99
T000801,P09852,2026-01-28,In-App Purchase,4.99
T000802,P09871,2026-01-23,In-App Purchase,4.69
T000803,P09873,2026-01-11,In-App Purchase,8.39
T000804,P09883,2026-01-13,In-App Purchase,3.14
T000805,P09932,2026-01-26,In-App Purchase,9.99
T000806,P09958,2026-01-12,In-App Purchase,10.49
T000807,P09958,2026-01-16,In-App Purchase,5.24
T000808,P09964,2026-01-13,In-App Purchase,2.99
T000809,P09981,2026-01-15,In-App Purchase,2.99
T000810,P10002,2026-01-06,In-App Purchase,1.87
T000811,P10016,2026-01-06,In-App Purchase,2.81
T000812,P10040,2026-01-07,In-App Purchase,4.99
T000813,P10048,2026-01-05,In-App Purchase,4.99
T000814,P10048,2026-01-04,In-App Purchase,2.99
T000815,P10048,2026-01-05,In-App Purchase,1.99
T000816,P10068,2026-01-13,In-App Purchase,3.14
T000817,P10070,2026-01-08,In-App Purchase,1.99
T000818,P10086,2026-02-02,In-App Purchase,7.51
T000819,P10087,2026-01-20,In-App Purchase,1.87
T000820,P10110,2026-01-12,In-App Purchase,3.14
T000821,P10110,2026-01-21,In-App Purchase,3.14
T000822,P10121,2026-01-05,In-App Purchase,9.99
T000823,P10144,2026-01-06,In-App Purchase,1.87
T000824,P10147,2026-01-21,In-App Purchase,4.99
T000825,P10147,2026-01-19,In-App Purchase,4.99
T000826,P10147,2026-01-09,In-App Purchase,7.99
T000827,P10150,2026-01-23,In-App Purchase,3.14
T000828,P10150,2026-01-15,In-App Purchase,8.39
T000829,P10156,2026-01-07,In-App Purchase,2.99
T000830,P10168,2026-01-20,In-App Purchase,2.99
T000831,P10171,2026-01-28,In-App Purchase,15.74
T000832,P10188,2026-01-17,In-App Purchase,3.14
T000833,P10188,2026-01-17,In-App Purchase,2.09
T000834,P10222,2026-01-23,In-App Purchase,2.81
T000835,P10224,2026-01-11,In-App Purchase,9.39
T000836,P10224,2026-01-11,In-App Purchase,7.51
T000837,P10226,2026-01-08,In-App Purchase,1.87
T000838,P10235,2026-01-01,In-App Purchase,7.99
T000839,P10274,2026-01-20,In-App Purchase,5.24
T000840,P10275,2026-01-11,In-App Purchase,7.99
T000841,P10275,2026-01-12,In-App Purchase,1.99
T000842,P10275,2026-01-12,In-App Purchase,9.99
T000843,P10282,2026-01-05,In-App Purchase,7.99
T000844,P10286,2026-01-19,In-App Purchase,2.99
T000845,P10295,2026-01-25,In-App Purchase,10.49
T000846,P10295,2026-01-25,In-App Purchase,3.14
T000847,P10299,2026-01-13,In-App Purchase,1.99
T000848,P10312,2026-01-25,In-App Purchase,5.24
T000849,P10383,2026-01-10,In-App Purchase,4.99
T000850,P10383,2026-01-10,In-App Purchase,1.99
T000851,P10383,2026-01-10,In-App Purchase,7.99
T000852,P10384,2026-01-04,In-App Purchase,7.51
T000853,P10419,2026-01-21,In-App Purchase,2.99
T000854,P10432,2026-01-16,In-App Purchase,2.81
T000855,P10432,2026-01-13,In-App Purchase,1.87
T000856,P10465,2026-01-15,In-App Purchase,4.99
T000857,P10467,2026-01-16,In-App Purchase,7.51
T000858,P10471,2026-01-03,In-App Purchase,4.99
T000859,P10471,2026-01-08,In-App Purchase,4.99
T000860,P10474,2026-01-06,In-App Purchase,2.81
T000861,P10482,2026-01-12,In-App Purchase,7.51
T000862,P10489,2026-01-15,In-App Purchase,5.24
T000863,P10526,2026-01-13,In-App Purchase,2.81
T000864,P10526,2026-01-13,In-App Purchase,2.81
T000865,P10550,2026-01-06,In-App Purchase,2.09
T000866,P10575,2026-01-09,In-App Purchase,2.99
T000867,P10582,2026-01-03,In-App Purchase,4.99
T000868,P10582,2026-01-05,In-App Purchase,2.99
T000869,P10589,2026-01-10,In-App Purchase,9.99
T000870,P10589,2026-01-08,In-App Purchase,2.99
T000871,P10608,2026-01-16,In-App Purchase,4.99
T000872,P10608,2026-01-15,In-App Purchase,2.99
T000873,P10612,2026-01-16,In-App Purchase,7.51
T000874,P10618,2026-01-07,In-App Purchase,7.51
T000875,P10627,2026-01-09,In-App Purchase,5.24
T000876,P10627,2026-01-08,In-App Purchase,8.39
T000877,P10654,2026-01-05,In-App Purchase,8.39
T000878,P10654,2026-01-05,In-App Purchase,8.39
T000879,P10654,2026-01-05,In-App Purchase,5.24
T000880,P10656,2026-01-20,In-App Purchase,4.69
T000881,P10660,2026-01-20,In-App Purchase,2.81
T000882,P10681,2026-01-19,In-App Purchase,4.99
T000883,P10687,2026-01-23,In-App Purchase,4.69
T000884,P10687,2026-01-05,In-App Purchase,4.69
T000885,P10690,2026-01-08,In-App Purchase,8.39
T000886,P10696,2026-01-18,In-App Purchase,3.14
T000887,P10725,2026-01-12,In-App Purchase,7.99
T000888,P10738,2026-01-01,In-App Purchase,5.24
T000889,P10738,2026-01-08,In-App Purchase,3.14
T000890,P10738,2026-01-01,In-App Purchase,8.39
T000891,P10738,2026-01-01,In-App Purchase,8.39
T000892,P10741,2026-01-16,In-App Purchase,5.24
T000893,P10750,2026-01-14,In-App Purchase,7.51
T000894,P10750,2026-01-07,In-App Purchase,9.39
T000895,P10754,2026-01-12,In-App Purchase,2.99
T000896,P10754,2026-01-12,In-App Purchase,1.99
T000897,P10754,2026-01-31,In-App Purchase,7.99
T000898,P10792,2026-01-12,In-App Purchase,9.99
T000899,P10806,2026-01-10,In-App Purchase,4.69
T000900,P10806,2026-01-12,In-App Purchase,1.87
T000901,P10818,2026-01-23,In-App Purchase,8.39
T000902,P10818,2026-01-13,In-App Purchase,2.09
T000903,P10849,2026-01-09,In-App Purchase,1.87
T000904,P10867,2026-01-27,In-App Purchase,2.09
T000905,P10870,2026-01-12,In-App Purchase,5.24
T000906,P10870,2026-01-19,In-App Purchase,2.09
T000907,P10904,2026-01-03,In-App Purchase,2.09
T000908,P10904,2026-01-08,In-App Purchase,8.39
T000909,P10904,2026-01-10,In-App Purchase,2.09
T000910,P10912,2026-01-13,In-App Purchase,3.14
T000911,P10945,2026-01-21,In-App Purchase,3.14
T000912,P10985,2026-01-03,In-App Purchase,2.99
T000913,P11003,2026-01-08,In-App Purchase,5.24
T000914,P11003,2026-01-08,In-App Purchase,3.14
T000915,P11010,2026-01-06,In-App Purchase,2.99
T000916,P11010,2026-01-21,In-App Purchase,4.99
T000917,P11010,2026-01-17,In-App Purchase,1.99
T000918,P11020,2026-01-06,In-App Purchase,8.39
T000919,P11020,2026-01-06,In-App Purchase,10.49
T000920,P11020,2026-01-08,In-App Purchase,3.14
T000921,P11027,2026-01-02,In-App Purchase,4.99
T000922,P11037,2026-01-15,In-App Purchase,4.69
T000923,P11037,2026-01-22,In-App Purchase,1.87
T000924,P11042,2026-01-17,In-App Purchase,3.14
T000925,P11053,2026-01-10,In-App Purchase,2.99
T000926,P11061,2026-01-15,In-App Purchase,7.99
T000927,P11066,2026-01-24,In-App Purchase,7.99
T000928,P11072,2026-01-09,In-App Purchase,10.49
T000929,P11076,2026-01-06,In-App Purchase,1.87
T000930,P11078,2026-01-13,In-App Purchase,14.99
T000931,P11079,2026-01-01,In-App Purchase,10.49
T000932,P11087,2026-01-16,In-App Purchase,3.14
T000933,P11116,2026-01-12,In-App Purchase,3.14
T000934,P11122,2026-01-14,In-App Purchase,4.69
T000935,P11122,2026-01-14,In-App Purchase,4.69
T000936,P11153,2026-01-08,In-App Purchase,3.14
T000937,P11168,2026-01-19,In-App Purchase,2.81
T000938,P11181,2026-01-06,In-App Purchase,5.24
T000939,P11182,2026-01-17,In-App Purchase,4.99
T000940,P11186,2026-01-20,In-App Purchase,8.39
T000941,P11192,2026-01-31,In-App Purchase,7.99
T000942,P11192,2026-01-15,In-App Purchase,1.99
T000943,P11200,2026-01-14,In-App Purchase,10.49
T000944,P11206,2026-01-11,In-App Purchase,8.39
T000945,P11251,2026-01-19,In-App Purchase,5.24
T000946,P11254,2026-01-09,In-App Purchase,5.24
T000947,P11254,2026-01-19,In-App Purchase,5.24
T000948,P11254,2026-01-09,In-App Purchase,2.09
T000949,P11290,2026-01-05,In-App Purchase,2.81
T000950,P11294,2026-01-13,In-App Purchase,1.87
T000951,P11321,2026-01-14,In-App Purchase,3.14
T000952,P11328,2026-01-15,In-App Purchase,3.14
T000953,P11332,2026-01-14,In-App Purchase,7.51
T000954,P11332,2026-01-03,In-App Purchase,1.87
T000955,P11337,2026-01-12,In-App Purchase,4.99
T000956,P11350,2026-01-17,In-App Purchase,8.39
T000957,P11361,2026-01-15,In-App Purchase,4.99
T000958,P11367,2026-01-15,In-App Purchase,1.99
T000959,P11387,2026-01-15,In-App Purchase,1.99
T000960,P11431,2026-01-13,In-App Purchase,3.14
T000961,P11435,2026-01-07,In-App Purchase,1.99
T000962,P11435,2026-01-05,In-App Purchase,4.99
T000963,P11435,2026-01-14,In-App Purchase,9.99
T000964,P11435,2026-01-07,In-App Purchase,14.99
T000965,P11458,2026-01-21,In-App Purchase,8.39
T000966,P11458,2026-01-21,In-App Purchase,3.14
T000967,P11458,2026-01-21,In-App Purchase,3.14
T000968,P11458,2026-01-18,In-App Purchase,3.14
T000969,P11473,2026-01-03,In-App Purchase,3.14
T000970,P11473,2026-01-02,In-App Purchase,10.49
T000971,P11479,2026-01-24,In-App Purchase,4.99
T000972,P11479,2026-01-24,In-App Purchase,4.99
T000973,P11479,2026-01-24,In-App Purchase,1.99
T000974,P11491,2026-01-12,In-App Purchase,4.99
T000975,P11500,2026-01-04,In-App Purchase,1.99
T000976,P11500,2026-01-04,In-App Purchase,1.99
T000977,P11516,2026-01-14,In-App Purchase,2.09
T000978,P11533,2026-01-15,In-App Purchase,7.99
T000979,P11533,2026-01-13,In-App Purchase,1.99
T000980,P11554,2026-01-11,In-App Purchase,7.51
T000981,P11560,2026-01-16,In-App Purchase,5.24
T000982,P11579,2026-01-12,In-App Purchase,2.99
T000983,P11598,2026-01-07,In-App Purchase,2.81
T000984,P11598,2026-01-05,In-App Purchase,2.81
T000985,P11609,2026-01-22,In-App Purchase,4.69
T000986,P11610,2026-01-20,In-App Purchase,1.99
T000987,P11613,2026-01-16,In-App Purchase,4.69
T000988,P11632,2026-01-24,In-App Purchase,15.74
T000989,P11634,2026-01-25,In-App Purchase,8.39
T000990,P11684,2026-01-01,In-App Purchase,8.39
T000991,P11687,2026-01-01,In-App Purchase,15.74
T000992,P11688,2026-01-22,In-App Purchase,1.87
T000993,P11716,2026-01-07,In-App Purchase,8.39
T000994,P11740,2026-01-02,In-App Purchase,4.69
T000995,P11740,2026-01-10,In-App Purchase,1.87
T000996,P11740,2026-01-10,In-App Purchase,7.51
T000997,P11744,2026-01-13,In-App Purchase,9.99
T000998,P11747,2026-01-15,In-App Purchase,2.99
T000999,P11754,2026-01-18,In-App Purchase,2.81
T001000,P11768,2026-01-29,In-App Purchase,4.99
T001001,P11783,2026-01-08,In-App Purchase,4.69
T001002,P11814,2026-01-15,In-App Purchase,4.69
T001003,P11833,2026-01-27,In-App Purchase,4.69
T001004,P11833,2026-01-27,In-App Purchase,7.51
T001005,P11883,2026-01-11,In-App Purchase,9.39
T001006,P11894,2026-01-08,In-App Purchase,8.39
T001007,P11927,2026-02-04,In-App Purchase,4.69
T001008,P11935,2026-01-14,In-App Purchase,2.99
T001009,P11942,2026-01-07,In-App Purchase,4.99
T001010,P11952,2026-01-12,In-App Purchase,2.09
T001011,P11953,2026-01-26,In-App Purchase,5.24
T001012,P11967,2026-01-19,In-App Purchase,2.09
T001013,P11972,2026-01-02,In-App Purchase,4.99
T001014,P11972,2026-01-04,In-App Purchase,2.99
T001015,P11981,2026-01-16,In-App Purchase,7.99
T001016,P11981,2026-01-12,In-App Purchase,4.99
T001017,P12002,2026-01-05,In-App Purchase,8.39
T001018,P12016,2026-01-02,In-App Purchase,4.99
T001019,P12016,2026-01-05,In-App Purchase,14.99
T001020,P12035,2026-01-11,In-App Purchase,9.39
T001021,P12056,2026-01-23,In-App Purchase,10.49
T001022,P12062,2026-01-12,In-App Purchase,7.99
T001023,P12066,2026-01-21,In-App Purchase,2.99
T001024,P12069,2026-01-17,In-App Purchase,2.09
T001025,P12069,2026-01-10,In-App Purchase,2.09
T001026,P12083,2026-01-11,In-App Purchase,1.99
T001027,P12097,2026-01-10,In-App Purchase,5.24
T001028,P12101,2026-01-19,In-App Purchase,4.69
T001029,P12113,2026-01-24,In-App Purchase,2.09
T001030,P12138,2026-01-06,In-App Purchase,9.39
T001031,P12144,2026-01-07,In-App Purchase,1.87
T001032,P12151,2026-01-18,In-App Purchase,2.81
T001033,P12151,2026-01-18,In-App Purchase,2.81
T001034,P12156,2026-01-13,In-App Purchase,2.81
T001035,P12156,2026-01-13,In-App Purchase,2.81
T001036,P12193,2026-01-25,In-App Purchase,9.39
T001037,P12193,2026-01-15,In-App Purchase,2.81
T001038,P12245,2026-01-04,In-App Purchase,2.09
T001039,P12248,2026-01-11,In-App Purchase,10.49
T001040,P12248,2026-01-19,In-App Purchase,5.24
T001041,P12249,2026-01-15,In-App Purchase,4.99
T001042,P12249,2026-01-15,In-App Purchase,1.99
T001043,P12254,2026-01-15,In-App Purchase,1.99
T001044,P12254,2026-01-23,In-App Purchase,9.99
T001045,P12262,2026-01-13,In-App Purchase,9.39
T001046,P12262,2026-01-13,In-App Purchase,4.69
T001047,P12270,2026-01-01,In-App Purchase,5.24
T001048,P12278,2026-01-23,In-App Purchase,2.81
T001049,P12284,2026-01-04,In-App Purchase,2.09
T001050,P12284,2026-01-08,In-App Purchase,3.14
T001051,P12314,2026-01-14,In-App Purchase,2.09
T001052,P12318,2026-01-17,In-App Purchase,9.39
T001053,P12322,2026-01-14,In-App Purchase,4.99
T001054,P12329,2026-01-26,In-App Purchase,4.99
T001055,P12338,2026-01-09,In-App Purchase,5.24
T001056,P12338,2026-01-08,In-App Purchase,8.39
T001057,P12359,2026-01-24,In-App Purchase,4.69
T001058,P12363,2026-01-14,In-App Purchase,15.74
T001059,P12363,2026-01-14,In-App Purchase,5.24
T001060,P12367,2026-01-11,In-App Purchase,9.39
T001061,P12370,2026-01-20,In-App Purchase,15.74
T001062,P12382,2026-01-04,In-App Purchase,2.81
T001063,P12403,2026-01-06,In-App Purchase,1.87
T001064,P12403,2026-01-25,In-App Purchase,1.87
T001065,P12422,2026-01-09,In-App Purchase,4.99
T001066,P12437,2026-01-12,In-App Purchase,2.81
T001067,P12444,2026-01-15,In-App Purchase,7.51
T001068,P12469,2026-01-09,In-App Purchase,7.99
T001069,P12504,2026-01-05,In-App Purchase,3.14
T001070,P12557,2026-01-26,In-App Purchase,4.69
T001071,P12565,2026-01-10,In-App Purchase,2.09
T001072,P12565,2026-01-23,In-App Purchase,15.74
T001073,P12580,2026-01-15,In-App Purchase,10.49
T001074,P12585,2026-01-06,In-App Purchase,2.09
T001075,P12635,2026-01-23,In-App Purchase,4.99
T001076,P12644,2026-01-14,In-App Purchase,14.09
T001077,P12661,2026-01-15,In-App Purchase,2.99
T001078,P12668,2026-01-04,In-App Purchase,2.99
T001079,P12668,2026-01-06,In-App Purchase,7.99
T001080,P12680,2026-01-17,In-App Purchase,4.69
T001081,P12680,2026-01-16,In-App Purchase,2.81
T001082,P12680,2026-01-16,In-App Purchase,4.69
T001083,P12714,2026-01-12,In-App Purchase,5.24
T001084,P12731,2026-01-02,In-App Purchase,2.81
T001085,P12731,2026-01-18,In-App Purchase,2.81
T001086,P12746,2026-01-11,In-App Purchase,5.24
T001087,P12754,2026-01-01,In-App Purchase,8.39
T001088,P12761,2026-01-08,In-App Purchase,8.39
T001089,P12774,2026-01-20,In-App Purchase,5.24
T001090,P12774,2026-01-09,In-App Purchase,3.14
T001091,P12779,2026-01-13,In-App Purchase,2.81
T001092,P12831,2026-01-08,In-App Purchase,2.81
T001093,P12838,2026-01-02,In-App Purchase,2.09
T001094,P12849,2026-01-11,In-App Purchase,2.99
T001095,P12849,2026-01-03,In-App Purchase,7.99
T001096,P12872,2026-01-15,In-App Purchase,14.09
T001097,P12879,2026-01-25,In-App Purchase,9.99
T001098,P12882,2026-01-07,In-App Purchase,9.39
T001099,P12904,2026-01-23,In-App Purchase,3.14
T001100,P12955,2026-01-12,In-App Purchase,1.99
T001101,P12955,2026-01-12,In-App Purchase,7.99
T001102,P12955,2026-01-13,In-App Purchase,4.99
T001103,P12967,2026-01-10,In-App Purchase,5.24
T001104,P12967,2026-01-10,In-App Purchase,2.09
T001105,P12967,2026-01-09,In-App Purchase,2.09
T001106,P12995,2026-01-08,In-App Purchase,5.24
T001107,P13013,2026-01-05,In-App Purchase,7.51
T001108,P13044,2026-01-17,In-App Purchase,8.39
T001109,P13061,2026-01-12,In-App Purchase,4.99
T001110,P13061,2026-01-12,In-App Purchase,1.99
T001111,P13066,2026-01-19,In-App Purchase,2.09
T001112,P13072,2026-01-08,In-App Purchase,3.14
T001113,P13080,2026-01-16,In-App Purchase,5.24
T001114,P13090,2026-01-12,In-App Purchase,15.74
T001115,P13090,2026-01-31,In-App Purchase,2.09
T001116,P13093,2026-01-05,In-App Purchase,2.99
T001117,P13107,2026-01-14,In-App Purchase,4.99
T001118,P13115,2026-01-19,In-App Purchase,5.24
T001119,P13122,2026-01-07,In-App Purchase,5.24
T001120,P13133,2026-01-11,In-App Purchase,4.99
T001121,P13159,2026-01-14,In-App Purchase,2.99
T001122,P13179,2026-01-26,In-App Purchase,1.99
T001123,P13211,2026-01-16,In-App Purchase,2.81
T001124,P13215,2026-01-12,In-App Purchase,2.09
T001125,P13257,2026-01-01,In-App Purchase,7.51
T001126,P13265,2026-01-19,In-App Purchase,4.69
T001127,P13267,2026-01-25,In-App Purchase,3.14
T001128,P13267,2026-01-25,In-App Purchase,8.39
T001129,P13271,2026-01-13,In-App Purchase,2.09
T001130,P13273,2026-01-18,In-App Purchase,1.99
T001131,P13273,2026-01-18,In-App Purchase,1.99
T001132,P13298,2026-01-02,In-App Purchase,14.09
T001133,P13328,2026-01-19,In-App Purchase,2.99
T001134,P13332,2026-01-13,In-App Purchase,2.81
T001135,P13350,2026-01-24,In-App Purchase,4.69
T001136,P13356,2026-01-23,In-App Purchase,8.39
T001137,P13371,2026-01-04,In-App Purchase,7.99
T001138,P13371,2026-01-03,In-App Purchase,9.99
T001139,P13375,2026-02-03,In-App Purchase,1.87
T001140,P13389,2026-01-29,In-App Purchase,8.39
T001141,P13396,2026-01-28,In-App Purchase,7.51
T001142,P13396,2026-01-28,In-App Purchase,4.69
T001143,P13437,2026-01-06,In-App Purchase,4.99
T001144,P13437,2026-01-01,In-App Purchase,7.99
T001145,P13441,2026-01-09,In-App Purchase,3.14
T001146,P13441,2026-01-22,In-App Purchase,15.74
T001147,P13444,2026-01-10,In-App Purchase,1.87
T001148,P13455,2026-01-01,In-App Purchase,4.99
T001149,P13466,2026-01-14,In-App Purchase,2.81
T001150,P13493,2026-01-09,In-App Purchase,4.99
T001151,P13525,2026-01-02,In-App Purchase,4.69
T001152,P13527,2026-01-23,In-App Purchase,2.09
T001153,P13534,2026-01-18,In-App Purchase,7.99
T001154,P13560,2026-01-02,In-App Purchase,4.99
T001155,P13561,2026-01-16,In-App Purchase,2.81
T001156,P13561,2026-01-16,In-App Purchase,2.81
T001157,P13561,2026-01-13,In-App Purchase,1.87
T001158,P13571,2026-01-04,In-App Purchase,4.99
T001159,P13585,2026-01-17,In-App Purchase,10.49
T001160,P13619,2026-01-24,In-App Purchase,2.81
T001161,P13619,2026-01-19,In-App Purchase,2.81
T001162,P13633,2026-01-21,In-App Purchase,4.69
T001163,P13650,2026-01-16,In-App Purchase,5.24
T001164,P13650,2026-01-04,In-App Purchase,5.24
T001165,P13669,2026-01-23,In-App Purchase,15.74
T001166,P13669,2026-01-20,In-App Purchase,8.39
T001167,P13675,2026-01-01,In-App Purchase,5.24
T001168,P13705,2026-01-10,In-App Purchase,7.99
T001169,P13708,2026-01-08,In-App Purchase,2.81
T001170,P13710,2026-01-20,In-App Purchase,5.24
T001171,P13715,2026-01-08,In-App Purchase,4.69
T001172,P13717,2026-01-11,In-App Purchase,4.99
T001173,P13717,2026-01-11,In-App Purchase,1.99
T001174,P13724,2026-01-14,In-App Purchase,7.51
T001175,P13768,2026-01-31,In-App Purchase,10.49
T001176,P13793,2026-01-14,In-App Purchase,3.14
T001177,P13793,2026-01-31,In-App Purchase,10.49
T001178,P13810,2026-01-15,In-App Purchase,7.99
T001179,P13818,2026-01-24,In-App Purchase,4.69
T001180,P13818,2026-01-15,In-App Purchase,4.69
T001181,P13833,2026-01-04,In-App Purchase,4.69
T001182,P13840,2026-01-14,In-App Purchase,2.09
T001183,P13848,2026-01-12,In-App Purchase,5.24
T001184,P13848,2026-01-29,In-App Purchase,8.39
T001185,P13860,2026-01-18,In-App Purchase,2.81
T001186,P13861,2026-01-15,In-App Purchase,2.09
T001187,P13861,2026-02-01,In-App Purchase,3.14
T001188,P13898,2026-01-17,In-App Purchase,7.99
T001189,P13920,2026-01-09,In-App Purchase,8.39
T001190,P13920,2026-01-06,In-App Purchase,5.24
T001191,P13927,2026-01-09,In-App Purchase,1.87
T001192,P13933,2026-01-13,In-App Purchase,2.99
T001193,P13933,2026-01-13,In-App Purchase,7.99
T001194,P13972,2026-01-18,In-App Purchase,10.49
T001195,P13972,2026-01-21,In-App Purchase,5.24
T001196,P13979,2026-01-13,In-App Purchase,8.39
T001197,P13979,2026-01-14,In-App Purchase,8.39
T001198,P13979,2026-01-13,In-App Purchase,5.24
T001199,P13982,2026-01-15,In-App Purchase,9.99
T001200,P14001,2026-01-14,In-App Purchase,10.49
T001201,P14008,2026-01-14,In-App Purchase,1.87
T001202,P14012,2026-01-18,In-App Purchase,4.69
T001203,P14019,2026-01-28,In-App Purchase,2.99
T001204,P14034,2026-01-13,In-App Purchase,4.99
T001205,P14042,2026-01-17,In-App Purchase,5.24
T001206,P14054,2026-01-29,In-App Purchase,5.24
T001207,P14061,2026-01-08,In-App Purchase,1.99
T001208,P14061,2026-01-08,In-App Purchase,9.99
T001209,P14061,2026-01-08,In-App Purchase,14.99
T001210,P14064,2026-01-08,In-App Purchase,1.99
T001211,P14071,2026-01-11,In-App Purchase,7.99
T001212,P14080,2026-01-11,In-App Purchase,2.99
T001213,P14095,2026-01-09,In-App Purchase,2.09
T001214,P14100,2026-01-14,In-App Purchase,5.24
T001215,P14102,2026-01-19,In-App Purchase,4.99
T001216,P14110,2026-01-21,In-App Purchase,1.99
T001217,P14136,2026-01-13,In-App Purchase,2.99
T001218,P14136,2026-01-30,In-App Purchase,1.99
T001219,P14137,2026-01-20,In-App Purchase,2.99
T001220,P14142,2026-01-19,In-App Purchase,5.24
T001221,P14171,2026-01-11,In-App Purchase,10.49
T001222,P14178,2026-01-24,In-App Purchase,8.39
T001223,P14180,2026-01-20,In-App Purchase,4.99
T001224,P14194,2026-01-06,In-App Purchase,9.39
T001225,P14194,2026-01-19,In-App Purchase,7.51
T001226,P14196,2026-01-27,In-App Purchase,14.09
T001227,P14196,2026-01-14,In-App Purchase,14.09
T001228,P14197,2026-01-11,In-App Purchase,2.09
T001229,P14247,2026-01-11,In-App Purchase,1.99
T001230,P14271,2026-01-06,In-App Purchase,8.39
T001231,P14273,2026-01-13,In-App Purchase,2.81
T001232,P14273,2026-01-04,In-App Purchase,7.51
T001233,P14275,2026-01-10,In-App Purchase,2.81
T001234,P14284,2026-01-02,In-App Purchase,1.87
T001235,P14284,2026-01-02,In-App Purchase,1.87
T001236,P14322,2026-01-15,In-App Purchase,8.39
T001237,P14322,2026-01-01,In-App Purchase,2.09
T001238,P14324,2026-01-02,In-App Purchase,9.99
T001239,P14334,2026-01-24,In-App Purchase,15.74
T001240,P14334,2026-01-14,In-App Purchase,3.14
T001241,P14354,2026-01-12,In-App Purchase,5.24
T001242,P14354,2026-01-05,In-App Purchase,8.39
T001243,P14355,2026-01-01,In-App Purchase,4.99
T001244,P14355,2026-01-14,In-App Purchase,2.99
T001245,P14371,2026-01-20,In-App Purchase,5.24
T001246,P14391,2026-01-22,In-App Purchase,4.99
T001247,P14435,2026-01-26,In-App Purchase,5.24
T001248,P14446,2026-01-12,In-App Purchase,8.39
T001249,P14458,2026-01-11,In-App Purchase,4.99
T001250,P14467,2026-01-20,In-App Purchase,1.99
T001251,P14488,2026-01-12,In-App Purchase,2.99
T001252,P14498,2026-01-09,In-App Purchase,2.99
T001253,P14500,2026-01-06,In-App Purchase,1.87
T001254,P14500,2026-01-06,In-App Purchase,2.81
T001255,P14501,2026-01-19,In-App Purchase,4.69
T001256,P14505,2026-01-14,In-App Purchase,5.24
T001257,P14540,2026-01-22,In-App Purchase,10.49
T001258,P14543,2026-01-08,In-App Purchase,3.14
T001259,P14543,2026-01-07,In-App Purchase,5.24
T001260,P14548,2026-01-18,In-App Purchase,2.81
T001261,P14551,2026-01-13,In-App Purchase,2.99
T001262,P14551,2026-01-13,In-App Purchase,14.99
T001263,P14554,2026-01-11,In-App Purchase,4.99
T001264,P14597,2026-01-17,In-App Purchase,14.99
T001265,P14605,2026-01-15,In-App Purchase,1.99
T001266,P14610,2026-01-05,In-App Purchase,9.39
T001267,P14624,2026-01-23,In-App Purchase,4.99
T001268,P14652,2026-01-09,In-App Purchase,1.99
T001269,P14683,2026-01-13,In-App Purchase,9.39
T001270,P14687,2026-01-07,In-App Purchase,2.99
T001271,P14687,2026-01-07,In-App Purchase,7.99
T001272,P14699,2026-01-29,In-App Purchase,5.24
T001273,P14699,2026-01-29,In-App Purchase,10.49
T001274,P14709,2026-01-11,In-App Purchase,4.69
T001275,P14710,2026-01-11,In-App Purchase,2.81
T001276,P14724,2026-01-13,In-App Purchase,3.14
T001277,P14724,2026-01-13,In-App Purchase,5.24
T001278,P14732,2026-01-29,In-App Purchase,10.49
T001279,P14735,2026-01-08,In-App Purchase,5.24
T001280,P14741,2026-01-15,In-App Purchase,2.09
T001281,P14756,2026-01-02,In-App Purchase,4.99
T001282,P14756,2026-01-20,In-App Purchase,1.99
T001283,P14759,2026-01-11,In-App Purchase,2.09
T001284,P14759,2026-01-11,In-App Purchase,2.09
T001285,P14764,2026-01-23,In-App Purchase,10.49
T001286,P14811,2026-01-18,In-App Purchase,2.09
T001287,P14836,2026-01-20,In-App Purchase,5.24
T001288,P14840,2026-01-22,In-App Purchase,1.99
T001289,P14860,2026-01-18,In-App Purchase,3.14
T001290,P14876,2026-01-12,In-App Purchase,7.99
T001291,P14879,2026-01-23,In-App Purchase,2.09
T001292,P14879,2026-01-18,In-App Purchase,5.24
T001293,P14900,2026-01-20,In-App Purchase,2.09
T001294,P14900,2026-01-15,In-App Purchase,3.14
T001295,P14918,2026-01-21,In-App Purchase,7.99
T001296,P14957,2026-01-04,In-App Purchase,1.99
T001297,P14972,2026-01-09,In-App Purchase,3.14
T001298,P14975,2026-01-15,In-App Purchase,15.74
T001299,P14975,2026-01-10,In-App Purchase,5.24
T001300,P14982,2026-01-18,In-App Purchase,8.39
T001301,P14989,2026-01-11,In-App Purchase,4.69
T001302,P15010,2026-01-28,In-App Purchase,7.51
T001303,P15037,2026-01-13,In-App Purchase,4.69
T001304,P15048,2026-01-20,In-App Purchase,2.81
T001305,P15048,2026-01-20,In-App Purchase,1.87
T001306,P15123,2026-01-06,In-App Purchase,4.99
T001307,P15123,2026-01-08,In-App Purchase,9.99
T001308,P15132,2026-01-06,In-App Purchase,7.51
T001309,P15132,2026-01-06,In-App Purchase,9.39
T001310,P15138,2026-01-20,In-App Purchase,2.09
T001311,P15148,2026-01-03,In-App Purchase,2.81
T001312,P15148,2026-01-01,In-App Purchase,2.81
T001313,P15151,2026-01-17,In-App Purchase,7.99
T001314,P15159,2026-01-09,In-App Purchase,9.39
T001315,P15162,2026-01-12,In-App Purchase,14.09
T001316,P15162,2026-01-09,In-App Purchase,1.87
T001317,P15167,2026-01-27,In-App Purchase,7.51
T001318,P15167,2026-01-27,In-App Purchase,9.39
T001319,P15172,2026-01-15,In-App Purchase,3.14
T001320,P15187,2026-01-19,In-App Purchase,10.49
T001321,P15187,2026-01-28,In-App Purchase,3.14
T001322,P15187,2026-01-10,In-App Purchase,8.39
T001323,P15199,2026-01-22,In-App Purchase,2.99
T001324,P15211,2026-01-13,In-App Purchase,10.49
T001325,P15244,2026-01-26,In-App Purchase,5.24
T001326,P15250,2026-01-02,In-App Purchase,4.99
T001327,P15274,2026-01-18,In-App Purchase,1.99
T001328,P15275,2026-01-03,In-App Purchase,7.51
T001329,P15275,2026-01-03,In-App Purchase,9.39
T001330,P15284,2026-01-06,In-App Purchase,4.99
T001331,P15302,2026-01-16,In-App Purchase,1.87
T001332,P15306,2026-01-11,In-App Purchase,7.99
T001333,P15306,2026-01-07,In-App Purchase,14.99
T001334,P15346,2026-01-05,In-App Purchase,14.99
T001335,P15358,2026-01-12,In-App Purchase,5.24
T001336,P15363,2026-01-08,In-App Purchase,7.51
T001337,P15369,2026-01-02,In-App Purchase,8.39
T001338,P15369,2026-01-14,In-App Purchase,3.14
T001339,P15374,2026-01-10,In-App Purchase,3.14
T001340,P15398,2026-01-03,In-App Purchase,2.99
T001341,P15403,2026-01-18,In-App Purchase,4.69
T001342,P15416,2026-01-30,In-App Purchase,15.74
T001343,P15430,2026-01-10,In-App Purchase,9.39
T001344,P15439,2026-01-15,In-App Purchase,2.81
T001345,P15457,2026-01-04,In-App Purchase,7.99
T001346,P15464,2026-01-07,In-App Purchase,2.81
T001347,P15474,2026-01-17,In-App Purchase,4.99
T001348,P15482,2026-01-12,In-App Purchase,9.39
T001349,P15486,2026-01-09,In-App Purchase,1.99
T001350,P15503,2026-01-02,In-App Purchase,7.99
T001351,P15503,2026-01-02,In-App Purchase,4.99
T001352,P15510,2026-01-02,In-App Purchase,7.99
T001353,P15510,2026-01-05,In-App Purchase,7.99
T001354,P15547,2026-01-07,In-App Purchase,2.81
T001355,P15552,2026-01-17,In-App Purchase,4.99
T001356,P15552,2026-01-15,In-App Purchase,4.99
T001357,P15560,2026-01-03,In-App Purchase,9.99
T001358,P15560,2026-01-03,In-App Purchase,2.99
T001359,P15567,2026-01-18,In-App Purchase,3.14
T001360,P15587,2026-01-08,In-App Purchase,7.99
T001361,P15587,2026-01-08,In-App Purchase,9.99
T001362,P15613,2026-01-27,In-App Purchase,7.99
T001363,P15620,2026-01-13,In-App Purchase,1.99
T001364,P15620,2026-01-26,In-App Purchase,7.99
T001365,P15626,2026-01-20,In-App Purchase,2.99
T001366,P15626,2026-01-10,In-App Purchase,9.99
T001367,P15632,2026-01-11,In-App Purchase,1.99
T001368,P15632,2026-01-12,In-App Purchase,4.99
T001369,P15632,2026-01-11,In-App Purchase,1.99
T001370,P15640,2026-01-27,In-App Purchase,4.99
T001371,P15640,2026-01-22,In-App Purchase,9.99
T001372,P15665,2026-01-03,In-App Purchase,15.74
T001373,P15672,2026-01-04,In-App Purchase,7.99
T001374,P15689,2026-01-07,In-App Purchase,3.14
T001375,P15720,2026-01-18,In-App Purchase,3.14
T001376,P15720,2026-01-20,In-App Purchase,2.09
T001377,P15755,2026-01-24,In-App Purchase,2.81
T001378,P15780,2026-01-04,In-App Purchase,1.87
T001379,P15780,2026-01-04,In-App Purchase,1.87
T001380,P15784,2026-01-14,In-App Purchase,4.69
T001381,P15784,2026-01-13,In-App Purchase,4.69
T001382,P15794,2026-01-12,In-App Purchase,2.99
T001383,P15794,2026-01-15,In-App Purchase,4.99
T001384,P15837,2026-01-10,In-App Purchase,3.14
T001385,P15837,2026-01-17,In-App Purchase,8.39
T001386,P15839,2026-01-23,In-App Purchase,8.39
T001387,P15847,2026-01-20,In-App Purchase,5.24
T001388,P15869,2026-01-14,In-App Purchase,8.39
T001389,P15876,2026-01-14,In-App Purchase,15.74
T001390,P15900,2026-01-10,In-App Purchase,10.49
T001391,P15908,2026-01-09,In-App Purchase,10.49
T001392,P15908,2026-01-17,In-App Purchase,3.14
T001393,P15926,2026-01-09,In-App Purchase,8.39
T001394,P15927,2026-01-07,In-App Purchase,15.74
T001395,P15927,2026-01-13,In-App Purchase,5.24
T001396,P15930,2026-01-15,In-App Purchase,2.09
T001397,P15937,2026-01-12,In-App Purchase,5.24
T001398,P15957,2026-01-11,In-App Purchase,15.74
T001399,P16013,2026-01-06,In-App Purchase,5.24
T001400,P16022,2026-01-05,In-App Purchase,4.69
T001401,P16064,2026-01-14,In-App Purchase,9.99
T001402,P16071,2026-01-13,In-App Purchase,7.99
T001403,P16075,2026-01-22,In-App Purchase,4.69
T001404,P16088,2026-01-07,In-App Purchase,5.24
T001405,P16107,2026-01-09,In-App Purchase,4.99
T001406,P16109,2026-01-01,In-App Purchase,2.99
T001407,P16110,2026-01-16,In-App Purchase,7.51
T001408,P16118,2026-01-10,In-App Purchase,14.09
T001409,P16152,2026-01-19,In-App Purchase,1.99
T001410,P16160,2026-01-06,In-App Purchase,15.74
T001411,P16167,2026-01-25,In-App Purchase,5.24
T001412,P16167,2026-01-20,In-App Purchase,2.09
T001413,P16175,2026-01-12,In-App Purchase,5.24
T001414,P16187,2026-01-15,In-App Purchase,2.81
T001415,P16213,2026-01-17,In-App Purchase,9.39
T001416,P16251,2026-01-12,In-App Purchase,4.99
T001417,P16286,2026-01-16,In-App Purchase,9.39
T001418,P16288,2026-01-10,In-App Purchase,4.99
T001419,P16291,2026-01-17,In-App Purchase,10.49
T001420,P16311,2026-01-08,In-App Purchase,2.99
T001421,P16319,2026-01-11,In-App Purchase,14.99
T001422,P16319,2026-01-07,In-App Purchase,4.99
T001423,P16332,2026-01-15,In-App Purchase,9.99
T001424,P16343,2026-01-19,In-App Purchase,2.81
T001425,P16345,2026-01-09,In-App Purchase,1.99
T001426,P16345,2026-01-22,In-App Purchase,2.99
T001427,P16351,2026-01-16,In-App Purchase,1.99
T001428,P16360,2026-01-29,In-App Purchase,10.49
T001429,P16398,2026-01-27,In-App Purchase,5.24
T001430,P16398,2026-01-16,In-App Purchase,5.24
T001431,P16414,2026-01-06,In-App Purchase,2.99
T001432,P16419,2026-01-14,In-App Purchase,2.81
T001433,P16454,2026-01-24,In-App Purchase,4.99
T001434,P16457,2026-01-19,In-App Purchase,2.09
T001435,P16461,2026-01-14,In-App Purchase,4.99
T001436,P16478,2026-01-08,In-App Purchase,3.14
T001437,P16478,2026-01-11,In-App Purchase,3.14
T001438,P16497,2026-01-25,In-App Purchase,5.24
T001439,P16502,2026-01-11,In-App Purchase,3.14
T001440,P16502,2026-01-11,In-App Purchase,8.39
T001441,P16502,2026-01-05,In-App Purchase,8.39
T001442,P16538,2026-01-05,In-App Purchase,5.24
T001443,P16538,2026-01-07,In-App Purchase,2.09
T001444,P16538,2026-01-10,In-App Purchase,5.24
T001445,P16552,2026-01-04,In-App Purchase,2.81
T001446,P16564,2026-01-23,In-App Purchase,4.99
T001447,P16588,2026-01-18,In-App Purchase,15.74
T001448,P16596,2026-01-02,In-App Purchase,7.51
T001449,P16605,2026-01-18,In-App Purchase,4.69
T001450,P16616,2026-01-15,In-App Purchase,3.14
T001451,P16616,2026-01-15,In-App Purchase,3.14
T001452,P16671,2026-01-04,In-App Purchase,7.51
T001453,P16694,2026-01-13,In-App Purchase,9.39
T001454,P16697,2026-01-17,In-App Purchase,9.39
T001455,P16715,2026-01-07,In-App Purchase,2.09
T001456,P16716,2026-01-22,In-App Purchase,7.99
T001457,P16752,2026-01-23,In-App Purchase,15.74
T001458,P16796,2026-01-14,In-App Purchase,3.14
T001459,P16831,2026-01-13,In-App Purchase,7.51
T001460,P16831,2026-01-13,In-App Purchase,4.69
T001461,P16835,2026-01-13,In-App Purchase,5.24
T001462,P16835,2026-01-21,In-App Purchase,8.39
T001463,P16849,2026-01-17,In-App Purchase,2.81
T001464,P16849,2026-01-19,In-App Purchase,4.69
T001465,P16856,2026-01-27,In-App Purchase,2.99
T001466,P16891,2026-01-28,In-App Purchase,1.87
T001467,P16917,2026-01-14,In-App Purchase,2.81
T001468,P16950,2026-01-16,In-App Purchase,3.14
T001469,P16972,2026-01-14,In-App Purchase,7.51
T001470,P16993,2026-01-10,In-App Purchase,1.87
T001471,P17014,2026-01-06,In-App Purchase,4.69
T001472,P17014,2026-01-06,In-App Purchase,7.51
T001473,P17032,2026-01-16,In-App Purchase,15.74
T001474,P17048,2026-01-30,In-App Purchase,5.24
T001475,P17055,2026-01-06,In-App Purchase,10.49
T001476,P17055,2026-01-12,In-App Purchase,2.09
T001477,P17055,2026-01-04,In-App Purchase,15.74
T001478,P17076,2026-01-05,In-App Purchase,2.09
T001479,P17102,2026-01-10,In-App Purchase,2.81
T001480,P17102,2026-01-14,In-App Purchase,7.51
T001481,P17111,2026-01-12,In-App Purchase,2.09
T001482,P17128,2026-01-10,In-App Purchase,1.99
T001483,P17153,2026-01-05,In-App Purchase,5.24
T001484,P17153,2026-01-10,In-App Purchase,10.49
T001485,P17156,2026-01-06,In-App Purchase,4.99
T001486,P17162,2026-01-26,In-App Purchase,1.87
T001487,P17162,2026-02-01,In-App Purchase,7.51
T001488,P17183,2026-01-09,In-App Purchase,1.99
T001489,P17184,2026-01-06,In-App Purchase,5.24
T001490,P17185,2026-01-11,In-App Purchase,5.24
T001491,P17185,2026-01-13,In-App Purchase,8.39
T001492,P17191,2026-01-19,In-App Purchase,3.14
T001493,P17213,2026-01-09,In-App Purchase,1.87
T001494,P17215,2026-01-07,In-App Purchase,2.81
T001495,P17222,2026-01-14,In-App Purchase,9.39
T001496,P17222,2026-01-14,In-App Purchase,7.51
T001497,P17258,2026-01-22,In-App Purchase,4.99
T001498,P17279,2026-01-25,In-App Purchase,10.49
T001499,P17280,2026-01-13,In-App Purchase,4.99
T001500,P17290,2026-01-17,In-App Purchase,7.51
T001501,P17291,2026-01-23,In-App Purchase,4.99
T001502,P17294,2026-01-13,In-App Purchase,2.09
T001503,P17308,2026-01-08,In-App Purchase,2.09
T001504,P17308,2026-01-13,In-App Purchase,5.24
T001505,P17308,2026-01-08,In-App Purchase,5.24
T001506,P17308,2026-01-08,In-App Purchase,8.39
T001507,P17333,2026-01-19,In-App Purchase,2.09
T001508,P17333,2026-01-16,In-App Purchase,3.14
T001509,P17340,2026-01-23,In-App Purchase,2.81
T001510,P17340,2026-01-10,In-App Purchase,4.69
T001511,P17340,2026-01-04,In-App Purchase,1.87
T001512,P17348,2026-01-11,In-App Purchase,4.69
T001513,P17361,2026-01-18,In-App Purchase,9.99
T001514,P17365,2026-01-04,In-App Purchase,2.81
T001515,P17365,2026-01-04,In-App Purchase,2.81
T001516,P17365,2026-01-04,In-App Purchase,1.87
T001517,P17365,2026-01-03,In-App Purchase,4.69
T001518,P17396,2026-01-16,In-App Purchase,7.99
T001519,P17406,2026-01-15,In-App Purchase,4.69
T001520,P17411,2026-01-16,In-App Purchase,4.99
T001521,P17411,2026-01-24,In-App Purchase,2.99
T001522,P17419,2026-01-06,In-App Purchase,7.99
T001523,P17427,2026-02-02,In-App Purchase,8.39
T001524,P17427,2026-02-02,In-App Purchase,8.39
T001525,P17434,2026-01-30,In-App Purchase,4.69
T001526,P17462,2026-01-21,In-App Purchase,5.24
T001527,P17462,2026-01-21,In-App Purchase,2.09
T001528,P17466,2026-01-05,In-App Purchase,4.69
T001529,P17466,2026-01-06,In-App Purchase,1.87
T001530,P17476,2026-01-03,In-App Purchase,5.24
T001531,P17498,2026-01-11,In-App Purchase,2.81
T001532,P17498,2026-01-04,In-App Purchase,7.51
T001533,P17503,2026-01-27,In-App Purchase,1.99
T001534,P17521,2026-01-06,In-App Purchase,2.81
T001535,P17547,2026-01-21,In-App Purchase,4.99
T001536,P17553,2026-01-13,In-App Purchase,1.99
T001537,P17553,2026-01-13,In-App Purchase,2.99
T001538,P17558,2026-01-04,In-App Purchase,7.51
T001539,P17636,2026-01-09,In-App Purchase,4.99
T001540,P17638,2026-01-25,In-App Purchase,7.51
T001541,P17638,2026-01-10,In-App Purchase,2.81
T001542,P17643,2026-01-29,In-App Purchase,5.24
T001543,P17643,2026-01-24,In-App Purchase,5.24
T001544,P17644,2026-01-13,In-App Purchase,2.81
T001545,P17651,2026-01-22,In-App Purchase,2.09
T001546,P17651,2026-01-13,In-App Purchase,2.09
T001547,P17651,2026-01-29,In-App Purchase,2.09
T001548,P17679,2026-01-14,In-App Purchase,4.99
T001549,P17695,2026-01-15,In-App Purchase,7.99
T001550,P17695,2026-01-26,In-App Purchase,4.99
T001551,P17711,2026-01-19,In-App Purchase,5.24
T001552,P17712,2026-01-19,In-App Purchase,7.51
T001553,P17724,2026-01-12,In-App Purchase,14.09
T001554,P17727,2026-01-14,In-App Purchase,9.99
T001555,P17738,2026-01-22,In-App Purchase,2.99
T001556,P17749,2026-01-09,In-App Purchase,2.99
T001557,P17749,2026-01-06,In-App Purchase,1.99
T001558,P17816,2026-01-16,In-App Purchase,4.69
T001559,P17827,2026-01-04,In-App Purchase,1.99
T001560,P17837,2026-01-17,In-App Purchase,9.99
T001561,P17837,2026-01-15,In-App Purchase,2.99
T001562,P17870,2026-01-28,In-App Purchase,7.51
T001563,P17871,2026-01-03,In-App Purchase,9.99
T001564,P17879,2026-01-04,In-App Purchase,2.09
T001565,P17879,2026-01-02,In-App Purchase,8.39
T001566,P17910,2026-01-10,In-App Purchase,5.24
T001567,P17973,2026-01-10,In-App Purchase,8.39
T001568,P17975,2026-01-21,In-App Purchase,5.24
T001569,P18004,2026-01-17,In-App Purchase,10.49
T001570,P18033,2026-01-25,In-App Purchase,9.39
T001571,P18033,2026-01-22,In-App Purchase,9.39
T001572,P18041,2026-01-10,In-App Purchase,2.99
T001573,P18049,2026-01-22,In-App Purchase,3.14
T001574,P18049,2026-01-16,In-App Purchase,3.14
T001575,P18073,2026-01-09,In-App Purchase,7.51
T001576,P18084,2026-01-19,In-App Purchase,2.09
T001577,P18096,2026-01-08,In-App Purchase,2.09
T001578,P18102,2026-01-06,In-App Purchase,8.39
T001579,P18102,2026-01-08,In-App Purchase,5.24
T001580,P18125,2026-01-14,In-App Purchase,1.87
T001581,P18125,2026-01-13,In-App Purchase,9.39
T001582,P18125,2026-01-13,In-App Purchase,4.69
T001583,P18153,2026-01-12,In-App Purchase,2.99
T001584,P18172,2026-01-26,In-App Purchase,2.09
T001585,P18172,2026-01-22,In-App Purchase,2.09
T001586,P18172,2026-01-22,In-App Purchase,5.24
T001587,P18183,2026-01-19,In-App Purchase,8.39
T001588,P18195,2026-01-09,In-App Purchase,5.24
T001589,P18195,2026-01-14,In-App Purchase,5.24
T001590,P18211,2026-01-04,In-App Purchase,7.99
T001591,P18250,2026-01-22,In-App Purchase,3.14
T001592,P18250,2026-01-20,In-App Purchase,3.14
T001593,P18256,2026-01-10,In-App Purchase,1.87
T001594,P18264,2026-01-18,In-App Purchase,9.99
T001595,P18274,2026-01-20,In-App Purchase,5.24
T001596,P18275,2026-01-25,In-App Purchase,9.99
T001597,P18275,2026-01-08,In-App Purchase,4.99
T001598,P18276,2026-01-03,In-App Purchase,2.09
T001599,P18280,2026-01-08,In-App Purchase,7.51
T001600,P18280,2026-01-06,In-App Purchase,14.09
T001601,P18296,2026-01-09,In-App Purchase,5.24
T001602,P18319,2026-01-13,In-App Purchase,7.99
T001603,P18333,2026-01-19,In-App Purchase,5.24
T001604,P18335,2026-01-30,In-App Purchase,10.49
T001605,P18337,2026-01-14,In-App Purchase,4.99
T001606,P18339,2026-01-11,In-App Purchase,7.51
T001607,P18346,2026-01-19,In-App Purchase,15.74
T001608,P18362,2026-01-27,In-App Purchase,7.51
T001609,P18426,2026-01-22,In-App Purchase,3.14
T001610,P18426,2026-01-22,In-App Purchase,10.49
T001611,P18426,2026-01-22,In-App Purchase,10.49
T001612,P18440,2026-01-11,In-App Purchase,7.51
T001613,P18460,2026-01-17,In-App Purchase,1.87
T001614,P18498,2026-01-28,In-App Purchase,14.99
T001615,P18498,2026-01-25,In-App Purchase,4.99
T001616,P18513,2026-01-17,In-App Purchase,5.24
T001617,P18552,2026-01-30,In-App Purchase,2.99
T001618,P18552,2026-01-14,In-App Purchase,4.99
T001619,P18573,2026-01-17,In-App Purchase,3.14
T001620,P18589,2026-01-01,In-App Purchase,3.14
T001621,P18593,2026-01-19,In-App Purchase,9.99
T001622,P18593,2026-01-07,In-App Purchase,1.99
T001623,P18610,2026-01-04,In-App Purchase,4.69
T001624,P18610,2026-01-04,In-App Purchase,2.81
T001625,P18615,2026-01-21,In-App Purchase,4.99
T001626,P18619,2026-01-20,In-App Purchase,2.09
T001627,P18619,2026-01-20,In-App Purchase,5.24
T001628,P18630,2026-01-07,In-App Purchase,2.81
T001629,P18632,2026-01-09,In-App Purchase,3.14
T001630,P18699,2026-01-01,In-App Purchase,4.69
T001631,P18699,2026-01-03,In-App Purchase,1.87
T001632,P18717,2026-01-20,In-App Purchase,14.99
T001633,P18717,2026-01-20,In-App Purchase,4.99
T001634,P18728,2026-01-27,In-App Purchase,1.99
T001635,P18728,2026-01-27,In-App Purchase,4.99
T001636,P18728,2026-02-04,In-App Purchase,4.99
T001637,P18738,2026-01-18,In-App Purchase,4.99
T001638,P18738,2026-01-14,In-App Purchase,1.99
T001639,P18743,2026-01-12,In-App Purchase,7.51
T001640,P18757,2026-01-04,In-App Purchase,1.99
T001641,P18757,2026-01-04,In-App Purchase,2.99
T001642,P18779,2026-01-12,In-App Purchase,4.99
T001643,P18779,2026-01-12,In-App Purchase,7.99
T001644,P18803,2026-01-06,In-App Purchase,2.81
T001645,P18803,2026-01-14,In-App Purchase,1.87
T001646,P18822,2026-01-14,In-App Purchase,1.87
T001647,P18822,2026-01-06,In-App Purchase,4.69
T001648,P18826,2026-01-27,In-App Purchase,2.81
T001649,P18826,2026-01-11,In-App Purchase,9.39
T001650,P18887,2026-01-24,In-App Purchase,10.49
T001651,P18905,2026-01-06,In-App Purchase,4.99
T001652,P18909,2026-01-04,In-App Purchase,7.99
T001653,P18909,2026-01-19,In-App Purchase,4.99
T001654,P18910,2026-01-07,In-App Purchase,2.09
T001655,P18913,2026-01-17,In-App Purchase,4.69
T001656,P18922,2026-01-12,In-App Purchase,5.24
T001657,P18926,2026-01-21,In-App Purchase,3.14
T001658,P18933,2026-01-08,In-App Purchase,4.69
T001659,P18933,2026-01-28,In-App Purchase,4.69
T001660,P18933,2026-01-28,In-App Purchase,7.51
T001661,P18933,2026-01-28,In-App Purchase,4.69
T001662,P18973,2026-01-17,In-App Purchase,3.14
T001663,P18974,2026-01-24,In-App Purchase,2.09
T001664,P18987,2026-01-16,In-App Purchase,3.14
T001665,P18987,2026-01-17,In-App Purchase,5.24
T001666,P18987,2026-01-25,In-App Purchase,5.24
T001667,P18997,2026-01-29,In-App Purchase,3.14
T001668,P19004,2026-01-04,In-App Purchase,3.14
T001669,P19019,2026-01-29,In-App Purchase,7.99
T001670,P19019,2026-01-09,In-App Purchase,2.99
T001671,P19019,2026-01-09,In-App Purchase,9.99
T001672,P19019,2026-01-09,In-App Purchase,14.99
T001673,P19023,2026-01-07,In-App Purchase,1.87
T001674,P19039,2026-01-21,In-App Purchase,2.09
T001675,P19039,2026-01-28,In-App Purchase,3.14
T001676,P19050,2026-01-08,In-App Purchase,10.49
T001677,P19050,2026-01-08,In-App Purchase,3.14
T001678,P19059,2026-01-19,In-App Purchase,2.99
T001679,P19101,2026-01-25,In-App Purchase,2.81
T001680,P19102,2026-01-23,In-App Purchase,5.24
T001681,P19102,2026-01-06,In-App Purchase,10.49
T001682,P19113,2026-01-08,In-App Purchase,10.49
T001683,P19113,2026-01-05,In-App Purchase,5.24
T001684,P19116,2026-01-15,In-App Purchase,4.99
T001685,P19127,2026-01-23,In-App Purchase,5.24
T001686,P19153,2026-01-04,In-App Purchase,2.09
T001687,P19154,2026-01-08,In-App Purchase,14.09
T001688,P19171,2026-01-23,In-App Purchase,1.99
T001689,P19193,2026-01-12,In-App Purchase,4.99
T001690,P19193,2026-01-13,In-App Purchase,7.99
T001691,P19197,2026-01-09,In-App Purchase,14.09
T001692,P19204,2026-01-10,In-App Purchase,3.14
T001693,P19207,2026-01-06,In-App Purchase,14.99
T001694,P19213,2026-01-06,In-App Purchase,9.39
T001695,P19242,2026-01-18,In-App Purchase,8.39
T001696,P19286,2026-01-05,In-App Purchase,1.99
T001697,P19286,2026-01-07,In-App Purchase,2.99
T001698,P19293,2026-01-09,In-App Purchase,4.99
T001699,P19293,2026-01-09,In-App Purchase,7.99
T001700,P19303,2026-01-14,In-App Purchase,2.81
T001701,P19306,2026-01-09,In-App Purchase,7.99
T001702,P19387,2026-01-22,In-App Purchase,5.24
T001703,P19387,2026-01-12,In-App Purchase,10.49
T001704,P19397,2026-01-05,In-App Purchase,4.99
T001705,P19435,2026-01-15,In-App Purchase,5.24
T001706,P19440,2026-01-11,In-App Purchase,5.24
T001707,P19442,2026-01-06,In-App Purchase,4.99
T001708,P19459,2026-01-13,In-App Purchase,1.87
T001709,P19478,2026-01-21,In-App Purchase,5.24
T001710,P19495,2026-01-22,In-App Purchase,7.99
T001711,P19552,2026-01-11,In-App Purchase,7.51
T001712,P19552,2026-01-17,In-App Purchase,4.69
T001713,P19556,2026-01-22,In-App Purchase,10.49
T001714,P19580,2026-01-11,In-App Purchase,4.69
T001715,P19580,2026-01-04,In-App Purchase,4.69
T001716,P19581,2026-01-12,In-App Purchase,3.14
T001717,P19581,2026-01-04,In-App Purchase,2.09
T001718,P19638,2026-01-13,In-App Purchase,9.39
T001719,P19640,2026-01-08,In-App Purchase,7.51
T001720,P19640,2026-01-12,In-App Purchase,2.81
T001721,P19651,2026-01-10,In-App Purchase,5.24
T001722,P19651,2026-01-13,In-App Purchase,2.09
T001723,P19653,2026-01-12,In-App Purchase,2.81
T001724,P19653,2026-01-17,In-App Purchase,2.81
T001725,P19661,2026-01-03,In-App Purchase,2.81
T001726,P19703,2026-01-11,In-App Purchase,2.81
T001727,P19703,2026-01-17,In-App Purchase,14.09
T001728,P19728,2026-01-28,In-App Purchase,3.14
T001729,P19731,2026-01-27,In-App Purchase,1.99
T001730,P19738,2026-01-21,In-App Purchase,9.39
T001731,P19740,2026-01-22,In-App Purchase,4.99
T001732,P19740,2026-01-08,In-App Purchase,2.99
T001733,P19747,2026-01-04,In-App Purchase,2.99
T001734,P19750,2026-01-20,In-App Purchase,3.14
T001735,P19772,2026-01-15,In-App Purchase,1.87
T001736,P19784,2026-01-04,In-App Purchase,2.99
T001737,P19784,2026-01-19,In-App Purchase,4.99
T001738,P19810,2026-01-17,In-App Purchase,1.99
T001739,P19820,2026-01-06,In-App Purchase,1.99
T001740,P19830,2026-01-18,In-App Purchase,4.99
T001741,P19834,2026-01-09,In-App Purchase,9.99
T001742,P19870,2026-01-09,In-App Purchase,7.99
T001743,P19878,2026-01-16,In-App Purchase,1.99
T001744,P19926,2026-01-02,In-App Purchase,1.87
T001745,P19963,2026-01-10,In-App Purchase,1.99
T001746,P19983,2026-01-14,In-App Purchase,15.74
T001747,P19988,2026-01-12,In-App Purchase,3.14
T001748,P19988,2026-01-23,In-App Purchase,3.14
T001749,P19990,2026-01-08,In-App Purchase,2.81
T001750,P19990,2026-01-20,In-App Purchase,7.51
T001751,P20006,2026-01-13,In-App Purchase,14.99
T001752,P20006,2026-01-13,In-App Purchase,4.99
T001753,P20006,2026-01-11,In-App Purchase,2.99
T001754,P20027,2026-01-08,In-App Purchase,5.24
T001755,P20031,2026-01-07,In-App Purchase,4.69
T001756,P20039,2026-01-08,In-App Purchase,4.99
T001757,P20047,2026-01-08,In-App Purchase,14.99
T001758,P20047,2026-01-14,In-App Purchase,1.99
T001759,P20050,2026-01-06,In-App Purchase,3.14
T001760,P20062,2026-01-22,In-App Purchase,5.24
T001761,P20062,2026-01-08,In-App Purchase,3.14
T001762,P20065,2026-01-02,In-App Purchase,3.14
T001763,P20065,2026-01-01,In-App Purchase,8.39
T001764,P20066,2026-01-17,In-App Purchase,5.24
T001765,P20092,2026-01-14,In-App Purchase,14.99
T001766,P20092,2026-01-25,In-App Purchase,1.99
T001767,P20122,2026-01-10,In-App Purchase,2.09
T001768,P20122,2026-01-08,In-App Purchase,3.14
T001769,P20131,2026-01-18,In-App Purchase,3.14
T001770,P20139,2026-01-04,In-App Purchase,1.99
T001771,P20154,2026-01-09,In-App Purchase,2.09
T001772,P20162,2026-01-06,In-App Purchase,2.99
T001773,P20180,2026-02-04,In-App Purchase,2.81
T001774,P20182,2026-01-10,In-App Purchase,2.81
T001775,P20183,2026-01-13,In-App Purchase,5.24
T001776,P20198,2026-01-05,In-App Purchase,2.81
T001777,P20211,2026-01-21,In-App Purchase,4.69
T001778,P20230,2026-01-17,In-App Purchase,4.99
T001779,P20247,2026-01-10,In-App Purchase,3.14
T001780,P20247,2026-01-07,In-App Purchase,3.14
T001781,P20248,2026-01-15,In-App Purchase,2.81
T001782,P20265,2026-01-12,In-App Purchase,3.14
T001783,P20270,2026-01-14,In-App Purchase,3.14
T001784,P20270,2026-01-17,In-App Purchase,3.14
T001785,P20270,2026-01-30,In-App Purchase,3.14
T001786,P20270,2026-01-13,In-App Purchase,3.14
T001787,P20271,2026-01-01,In-App Purchase,7.51
T001788,P20302,2026-01-11,In-App Purchase,9.99
T001789,P20314,2026-01-03,In-App Purchase,1.87
T001790,P20314,2026-01-07,In-App Purchase,1.87
T001791,P20315,2026-01-14,In-App Purchase,5.24
T001792,P20332,2026-01-18,In-App Purchase,8.39
T001793,P20332,2026-01-04,In-App Purchase,5.24
T001794,P20389,2026-01-23,In-App Purchase,4.99
T001795,P20396,2026-01-17,In-App Purchase,4.99
T001796,P20396,2026-01-06,In-App Purchase,4.99
T001797,P20405,2026-01-10,In-App Purchase,9.99
T001798,P20405,2026-01-10,In-App Purchase,2.99
T001799,P20406,2026-01-07,In-App Purchase,1.99
T001800,P20420,2026-01-07,In-App Purchase,8.39
T001801,P20420,2026-01-11,In-App Purchase,2.09
T001802,P20422,2026-01-12,In-App Purchase,4.69
T001803,P20462,2026-01-16,In-App Purchase,2.99
T001804,P20469,2026-01-15,In-App Purchase,5.24
T001805,P20494,2026-01-09,In-App Purchase,5.24
T001806,P20528,2026-01-17,In-App Purchase,1.87
T001807,P20547,2026-01-29,In-App Purchase,4.99
T001808,P20581,2026-01-24,In-App Purchase,7.51
T001809,P20581,2026-01-11,In-App Purchase,7.51
T001810,P20587,2026-01-13,In-App Purchase,7.99
T001811,P20596,2026-01-07,In-App Purchase,4.99
T001812,P20605,2026-01-15,In-App Purchase,3.14
T001813,P20605,2026-01-20,In-App Purchase,10.49
T001814,P20608,2026-01-16,In-App Purchase,14.99
T001815,P20608,2026-01-21,In-App Purchase,2.99
T001816,P20613,2026-01-03,In-App Purchase,1.99
T001817,P20624,2026-01-01,In-App Purchase,8.39
T001818,P20629,2026-01-08,In-App Purchase,4.99
T001819,P20630,2026-01-12,In-App Purchase,10.49
T001820,P20630,2026-01-13,In-App Purchase,8.39
T001821,P20630,2026-01-12,In-App Purchase,8.39
T001822,P20634,2026-01-07,In-App Purchase,8.39
T001823,P20647,2026-01-04,In-App Purchase,4.69
T001824,P20652,2026-01-08,In-App Purchase,7.51
T001825,P20652,2026-01-08,In-App Purchase,1.87
T001826,P20652,2026-01-19,In-App Purchase,7.51
T001827,P20684,2026-01-06,In-App Purchase,3.14
T001828,P20686,2026-01-13,In-App Purchase,4.99
T001829,P20724,2026-01-20,In-App Purchase,4.69
T001830,P20743,2026-01-05,In-App Purchase,15.74
T001831,P20775,2026-01-03,In-App Purchase,4.69
T001832,P20782,2026-01-30,In-App Purchase,1.99
T001833,P20782,2026-01-14,In-App Purchase,7.99
T001834,P20818,2026-01-11,In-App Purchase,15.74
T001835,P20833,2026-01-09,In-App Purchase,4.69
T001836,P20833,2026-01-18,In-App Purchase,9.39
T001837,P20846,2026-01-11,In-App Purchase,2.09
T001838,P20849,2026-01-20,In-App Purchase,5.24
T001839,P20849,2026-01-17,In-App Purchase,8.39
T001840,P20885,2026-01-10,In-App Purchase,5.24
T001841,P20885,2026-01-11,In-App Purchase,5.24
T001842,P20890,2026-01-09,In-App Purchase,15.74
T001843,P20890,2026-01-09,In-App Purchase,3.14
T001844,P20899,2026-01-06,In-App Purchase,3.14
T001845,P20899,2026-01-14,In-App Purchase,3.14
T001846,P20935,2026-01-10,In-App Purchase,2.99
T001847,P20935,2026-01-18,In-App Purchase,4.99
T001848,P20953,2026-01-01,In-App Purchase,5.24
T001849,P20957,2026-01-02,In-App Purchase,2.81
T001850,P20958,2026-01-07,In-App Purchase,7.51
T001851,P20978,2026-01-07,In-App Purchase,1.87
T001852,P20978,2026-01-13,In-App Purchase,2.81
T001853,P20986,2026-01-23,In-App Purchase,8.39
T001854,P21001,2026-01-13,In-App Purchase,15.74
T001855,P21011,2026-01-09,In-App Purchase,2.81
T001856,P21011,2026-01-24,In-App Purchase,1.87
T001857,P21013,2026-01-04,In-App Purchase,1.99
T001858,P21013,2026-01-07,In-App Purchase,4.99
T001859,P21042,2026-01-11,In-App Purchase,3.14
T001860,P21086,2026-01-04,In-App Purchase,8.39
T001861,P21086,2026-01-04,In-App Purchase,3.14
T001862,P21102,2026-01-10,In-App Purchase,2.81
T001863,P21114,2026-01-19,In-App Purchase,4.99
T001864,P21121,2026-01-27,In-App Purchase,2.99
T001865,P21127,2026-01-08,In-App Purchase,2.09
T001866,P21127,2026-01-11,In-App Purchase,8.39
T001867,P21163,2026-01-04,In-App Purchase,5.24
T001868,P21163,2026-01-04,In-App Purchase,2.09
T001869,P21188,2026-01-22,In-App Purchase,2.99
T001870,P21190,2026-01-10,In-App Purchase,3.14
T001871,P21206,2026-01-06,In-App Purchase,4.99
T001872,P21207,2026-01-19,In-App Purchase,5.24
T001873,P21207,2026-01-17,In-App Purchase,2.09
T001874,P21210,2026-01-31,In-App Purchase,1.87
T001875,P21210,2026-01-31,In-App Purchase,1.87
T001876,P21210,2026-01-15,In-App Purchase,2.81
T001877,P21242,2026-01-06,In-App Purchase,3.14
T001878,P21242,2026-01-06,In-App Purchase,5.24
T001879,P21242,2026-01-06,In-App Purchase,2.09
T001880,P21252,2026-01-12,In-App Purchase,8.39
T001881,P21252,2026-01-10,In-App Purchase,10.49
T001882,P21270,2026-01-15,In-App Purchase,3.14
T001883,P21274,2026-01-17,In-App Purchase,2.81
T001884,P21275,2026-01-22,In-App Purchase,15.74
T001885,P21280,2026-01-05,In-App Purchase,3.14
T001886,P21282,2026-01-16,In-App Purchase,4.69
T001887,P21283,2026-01-04,In-App Purchase,5.24
T001888,P21290,2026-01-18,In-App Purchase,5.24
T001889,P21292,2026-01-09,In-App Purchase,5.24
T001890,P21292,2026-01-07,In-App Purchase,3.14
T001891,P21316,2026-01-10,In-App Purchase,4.69
T001892,P21316,2026-01-13,In-App Purchase,9.39
T001893,P21316,2026-01-10,In-App Purchase,2.81
T001894,P21332,2026-01-19,In-App Purchase,1.99
T001895,P21365,2026-01-22,In-App Purchase,7.99
T001896,P21378,2026-01-20,In-App Purchase,9.99
T001897,P21401,2026-01-11,In-App Purchase,15.74
T001898,P21405,2026-01-04,In-App Purchase,14.09
T001899,P21405,2026-01-07,In-App Purchase,1.87
T001900,P21411,2026-01-13,In-App Purchase,2.99
T001901,P21443,2026-01-03,In-App Purchase,4.69
T001902,P21474,2026-01-10,In-App Purchase,5.24
T001903,P21474,2026-01-18,In-App Purchase,5.24
T001904,P21503,2026-01-09,In-App Purchase,2.99
T001905,P21513,2026-01-25,In-App Purchase,9.39
T001906,P21524,2026-01-26,In-App Purchase,7.51
T001907,P21538,2026-01-23,In-App Purchase,4.99
T001908,P21538,2026-01-06,In-App Purchase,9.99
T001909,P21538,2026-01-05,In-App Purchase,7.99
T001910,P21555,2026-01-13,In-App Purchase,2.81
T001911,P21575,2026-01-17,In-App Purchase,8.39
T001912,P21607,2026-01-08,In-App Purchase,1.99
T001913,P21616,2026-01-06,In-App Purchase,8.39
T001914,P21616,2026-01-17,In-App Purchase,5.24
T001915,P21632,2026-01-26,In-App Purchase,3.14
T001916,P21689,2026-01-16,In-App Purchase,4.69
T001917,P21692,2026-01-22,In-App Purchase,4.69
T001918,P21749,2026-01-13,In-App Purchase,3.14
T001919,P21759,2026-01-11,In-App Purchase,4.99
T001920,P21769,2026-01-19,In-App Purchase,9.99
T001921,P21769,2026-01-15,In-App Purchase,2.99
T001922,P21769,2026-01-10,In-App Purchase,1.99
T001923,P21779,2026-01-14,In-App Purchase,5.24
T001924,P21795,2026-01-03,In-App Purchase,1.99
T001925,P21826,2026-01-12,In-App Purchase,14.99
T001926,P21837,2026-01-03,In-App Purchase,14.09
T001927,P21852,2026-01-05,In-App Purchase,7.51
T001928,P21857,2026-01-16,In-App Purchase,2.99
T001929,P21869,2026-01-07,In-App Purchase,4.99
T001930,P21927,2026-01-04,In-App Purchase,10.49
T001931,P21930,2026-01-08,In-App Purchase,7.99
T001932,P21930,2026-01-08,In-App Purchase,9.99
T001933,P21930,2026-01-08,In-App Purchase,7.99
T001934,P21931,2026-01-18,In-App Purchase,2.81
T001935,P21931,2026-01-16,In-App Purchase,4.69
T001936,P21949,2026-01-09,In-App Purchase,5.24
T001937,P21991,2026-01-17,In-App Purchase,1.99
T001938,P21999,2026-01-16,In-App Purchase,5.24
T001939,P22003,2026-01-05,In-App Purchase,4.69
T001940,P22020,2026-01-14,In-App Purchase,7.51
T001941,P22034,2026-01-04,In-App Purchase,2.09
T001942,P22034,2026-01-04,In-App Purchase,3.14
T001943,P22042,2026-01-09,In-App Purchase,1.87
T001944,P22083,2026-01-13,In-App Purchase,5.24
T001945,P22108,2026-01-21,In-App Purchase,5.24
T001946,P22108,2026-01-21,In-App Purchase,3.14
T001947,P22109,2026-01-17,In-App Purchase,2.09
T001948,P22109,2026-01-10,In-App Purchase,5.24
T001949,P22129,2026-01-15,In-App Purchase,2.99
T001950,P22129,2026-01-14,In-App Purchase,1.99
T001951,P22152,2026-01-04,In-App Purchase,4.99
T001952,P22199,2026-02-02,In-App Purchase,5.24
T001953,P22199,2026-02-02,In-App Purchase,5.24
T001954,P22218,2026-01-10,In-App Purchase,5.24
T001955,P22218,2026-01-09,In-App Purchase,8.39
T001956,P22220,2026-01-12,In-App Purchase,3.14
T001957,P22239,2026-02-01,In-App Purchase,8.39
T001958,P22239,2026-02-01,In-App Purchase,3.14
T001959,P22271,2026-01-19,In-App Purchase,8.39
T001960,P22271,2026-01-12,In-App Purchase,2.09
T001961,P22291,2026-01-15,In-App Purchase,9.39
T001962,P22291,2026-01-12,In-App Purchase,14.09
T001963,P22291,2026-01-08,In-App Purchase,2.81
T001964,P22309,2026-01-09,In-App Purchase,1.99
T001965,P22310,2026-01-16,In-App Purchase,5.24
T001966,P22313,2026-01-14,In-App Purchase,1.99
T001967,P22313,2026-01-04,In-App Purchase,14.99
T001968,P22330,2026-01-01,In-App Purchase,1.87
T001969,P22339,2026-01-26,In-App Purchase,4.99
T001970,P22355,2026-01-10,In-App Purchase,1.87
T001971,P22355,2026-01-08,In-App Purchase,4.69
T001972,P22418,2026-01-07,In-App Purchase,2.81
T001973,P22462,2026-01-10,In-App Purchase,2.81
T001974,P22465,2026-01-23,In-App Purchase,1.99
T001975,P22465,2026-01-23,In-App Purchase,2.99
T001976,P22465,2026-01-23,In-App Purchase,9.99
T001977,P22479,2026-01-14,In-App Purchase,7.99
T001978,P22479,2026-01-25,In-App Purchase,2.99
T001979,P22522,2026-01-13,In-App Purchase,3.14
T001980,P22532,2026-01-11,In-App Purchase,2.99
T001981,P22547,2026-01-19,In-App Purchase,1.87
T001982,P22574,2026-02-01,In-App Purchase,14.09
T001983,P22574,2026-01-20,In-App Purchase,4.69
T001984,P22576,2026-01-06,In-App Purchase,9.99
T001985,P22613,2026-01-29,In-App Purchase,2.09
T001986,P22613,2026-01-25,In-App Purchase,2.09
T001987,P22621,2026-01-07,In-App Purchase,10.49
T001988,P22621,2026-01-03,In-App Purchase,5.24
T001989,P22625,2026-01-05,In-App Purchase,4.69
T001990,P22625,2026-01-19,In-App Purchase,9.39
T001991,P22640,2026-01-16,In-App Purchase,10.49
T001992,P22661,2026-01-09,In-App Purchase,3.14
T001993,P22683,2026-01-16,In-App Purchase,2.99
T001994,P22683,2026-01-11,In-App Purchase,4.99
T001995,P22688,2026-01-09,In-App Purchase,14.09
T001996,P22709,2026-01-15,In-App Purchase,2.09
T001997,P22709,2026-01-10,In-App Purchase,2.09
T001998,P22719,2026-01-17,In-App Purchase,5.24
T001999,P22719,2026-01-19,In-App Purchase,3.14
T002000,P22723,2026-01-13,In-App Purchase,4.99
T002001,P22723,2026-01-02,In-App Purchase,1.99
T002002,P22723,2026-01-19,In-App Purchase,2.99
T002003,P22728,2026-01-28,In-App Purchase,4.69
T002004,P22728,2026-01-11,In-App Purchase,2.81
T002005,P22734,2026-01-13,In-App Purchase,3.14
T002006,P22843,2026-01-12,In-App Purchase,1.99
T002007,P22855,2026-01-15,In-App Purchase,5.24
T002008,P22871,2026-01-15,In-App Purchase,4.99
T002009,P22871,2026-01-25,In-App Purchase,14.99
T002010,P22889,2026-01-11,In-App Purchase,1.87
T002011,P22889,2026-01-10,In-App Purchase,1.87
T002012,P22889,2026-01-11,In-App Purchase,7.51
T002013,P22974,2026-01-11,In-App Purchase,3.14
T002014,P22995,2026-01-07,In-App Purchase,4.69
T002015,P23010,2026-01-22,In-App Purchase,9.99
T002016,P23010,2026-01-17,In-App Purchase,4.99
T002017,P23033,2026-01-12,In-App Purchase,2.81
T002018,P23033,2026-01-17,In-App Purchase,4.69
T002019,P23037,2026-01-26,In-App Purchase,7.99
T002020,P23074,2026-01-03,In-App Purchase,7.99
T002021,P23086,2026-01-20,In-App Purchase,4.99
T002022,P23090,2026-01-17,In-App Purchase,5.24
T002023,P23140,2026-01-06,In-App Purchase,2.81
T002024,P23145,2026-01-12,In-App Purchase,2.09
T002025,P23145,2026-01-15,In-App Purchase,5.24
T002026,P23161,2026-01-16,In-App Purchase,4.69
T002027,P23161,2026-01-19,In-App Purchase,7.51
T002028,P23161,2026-01-16,In-App Purchase,4.69
T002029,P23206,2026-01-18,In-App Purchase,9.99
T002030,P23239,2026-01-16,In-App Purchase,14.99
T002031,P23280,2026-01-31,In-App Purchase,3.14
T002032,P23280,2026-01-26,In-App Purchase,2.09
T002033,P23294,2026-01-21,In-App Purchase,1.99
T002034,P23311,2026-01-20,In-App Purchase,5.24
T002035,P23311,2026-01-01,In-App Purchase,5.24
T002036,P23321,2026-01-10,In-App Purchase,7.51
T002037,P23321,2026-01-10,In-App Purchase,1.87
T002038,P23324,2026-01-03,In-App Purchase,3.14
T002039,P23328,2026-01-08,In-App Purchase,9.39
T002040,P23366,2026-01-21,In-App Purchase,5.24
T002041,P23371,2026-01-19,In-App Purchase,4.99
T002042,P23414,2026-01-28,In-App Purchase,4.99
T002043,P23481,2026-01-18,In-App Purchase,2.09
T002044,P23481,2026-01-27,In-App Purchase,5.24
T002045,P23481,2026-01-27,In-App Purchase,15.74
T002046,P23501,2026-01-12,In-App Purchase,1.87
T002047,P23501,2026-01-12,In-App Purchase,2.81
T002048,P23501,2026-01-28,In-App Purchase,7.51
T002049,P23555,2026-01-02,In-App Purchase,1.87
T002050,P23555,2026-01-02,In-App Purchase,4.69
T002051,P23575,2026-01-12,In-App Purchase,14.99
T002052,P23591,2026-01-03,In-App Purchase,2.81
T002053,P23609,2026-01-18,In-App Purchase,4.99
T002054,P23611,2026-01-09,In-App Purchase,8.39
T002055,P23615,2026-01-18,In-App Purchase,10.49
T002056,P23615,2026-01-08,In-App Purchase,5.24
T002057,P23638,2026-01-12,In-App Purchase,2.09
T002058,P23679,2026-01-04,In-App Purchase,2.09
T002059,P23679,2026-01-06,In-App Purchase,8.39
T002060,P23703,2026-01-09,In-App Purchase,8.39
T002061,P23712,2026-01-08,In-App Purchase,4.69
T002062,P23712,2026-01-15,In-App Purchase,4.69
T002063,P23719,2026-01-28,In-App Purchase,14.99
T002064,P23759,2026-01-17,In-App Purchase,4.99
T002065,P23768,2026-01-01,In-App Purchase,5.24
T002066,P23775,2026-01-10,In-App Purchase,3.14
T002067,P23804,2026-01-14,In-App Purchase,7.51
T002068,P23807,2026-01-09,In-App Purchase,4.99
T002069,P23825,2026-01-22,In-App Purchase,3.14
T002070,P23871,2026-01-04,In-App Purchase,10.49
T002071,P23871,2026-01-20,In-App Purchase,8.39
T002072,P24003,2026-01-05,In-App Purchase,5.24
T002073,P24003,2026-01-05,In-App Purchase,5.24
T002074,P24003,2026-01-05,In-App Purchase,2.09
T002075,P24011,2026-01-12,In-App Purchase,7.99
T002076,P24017,2026-01-24,In-App Purchase,9.99
T002077,P24021,2026-01-06,In-App Purchase,2.81
T002078,P24021,2026-01-06,In-App Purchase,4.69
T002079,P24021,2026-01-09,In-App Purchase,7.51
T002080,P24048,2026-01-13,In-App Purchase,4.69
T002081,P24048,2026-01-17,In-App Purchase,7.51
T002082,P24048,2026-01-17,In-App Purchase,2.81
T002083,P24057,2026-01-06,In-App Purchase,10.49
T002084,P24057,2026-01-20,In-App Purchase,3.14
T002085,P24072,2026-01-01,In-App Purchase,2.09
T002086,P24093,2026-01-04,In-App Purchase,5.24
T002087,P24093,2026-01-04,In-App Purchase,3.14
T002088,P24136,2026-01-20,In-App Purchase,5.24
T002089,P24160,2026-01-05,In-App Purchase,4.69
T002090,P24195,2026-02-02,In-App Purchase,4.69
T002091,P24202,2026-01-09,In-App Purchase,9.39
T002092,P24202,2026-01-05,In-App Purchase,1.87
T002093,P24213,2026-01-27,In-App Purchase,1.87
T002094,P24215,2026-01-14,In-App Purchase,3.14
T002095,P24215,2026-01-17,In-App Purchase,15.74
T002096,P24224,2026-01-07,In-App Purchase,1.87
T002097,P24224,2026-01-05,In-App Purchase,2.81
T002098,P24236,2026-01-19,In-App Purchase,3.14
T002099,P24266,2026-01-13,In-App Purchase,2.99
T002100,P24266,2026-01-10,In-App Purchase,7.99
T002101,P24277,2026-01-09,In-App Purchase,4.99
T002102,P24277,2026-01-07,In-App Purchase,4.99
T002103,P24277,2026-01-07,In-App Purchase,9.99
T002104,P24308,2026-01-19,In-App Purchase,2.09
T002105,P24311,2026-01-18,In-App Purchase,8.39
T002106,P24374,2026-01-17,In-App Purchase,4.69
T002107,P24377,2026-01-06,In-App Purchase,4.69
T002108,P24380,2026-01-07,In-App Purchase,8.39
T002109,P24380,2026-01-07,In-App Purchase,2.09
T002110,P24383,2026-02-01,In-App Purchase,3.14
T002111,P24383,2026-01-15,In-App Purchase,8.39
T002112,P24384,2026-01-15,In-App Purchase,5.24
T002113,P24402,2026-01-15,In-App Purchase,2.81
T002114,P24407,2026-01-04,In-App Purchase,2.81
T002115,P24417,2026-01-18,In-App Purchase,2.81
T002116,P24440,2026-01-14,In-App Purchase,8.39
T002117,P24440,2026-01-10,In-App Purchase,10.49
T002118,P24441,2026-01-25,In-App Purchase,7.99
T002119,P24452,2026-01-03,In-App Purchase,2.09
T002120,P24465,2026-01-19,In-App Purchase,7.99
T002121,P24465,2026-01-17,In-App Purchase,4.99
T002122,P24465,2026-02-01,In-App Purchase,2.99
T002123,P24471,2026-01-06,In-App Purchase,3.14
T002124,P24471,2026-01-22,In-App Purchase,5.24
T002125,P24476,2026-01-09,In-App Purchase,5.24
T002126,P24476,2026-01-11,In-App Purchase,8.39
T002127,P24510,2026-01-12,In-App Purchase,14.09
T002128,P24510,2026-01-13,In-App Purchase,4.69
T002129,P24510,2026-01-15,In-App Purchase,7.51
T002130,P24538,2026-01-16,In-App Purchase,1.87
T002131,P24538,2026-01-16,In-App Purchase,7.51
T002132,P24538,2026-01-30,In-App Purchase,2.81
T002133,P24538,2026-01-12,In-App Purchase,14.09
T002134,P24548,2026-01-14,In-App Purchase,5.24
T002135,P24551,2026-01-16,In-App Purchase,2.09
T002136,P24555,2026-01-24,In-App Purchase,2.99
T002137,P24555,2026-01-24,In-App Purchase,2.99
T002138,P24555,2026-01-19,In-App Purchase,14.99
T002139,P24567,2026-01-17,In-App Purchase,8.39
T002140,P24567,2026-01-17,In-App Purchase,3.14
T002141,P24586,2026-01-03,In-App Purchase,1.99
T002142,P24592,2026-01-07,In-App Purchase,7.99
T002143,P24592,2026-01-07,In-App Purchase,4.99
T002144,P24597,2026-01-11,In-App Purchase,4.99
T002145,P24597,2026-01-28,In-App Purchase,4.99
T002146,P24622,2026-01-22,In-App Purchase,2.81
T002147,P24622,2026-01-26,In-App Purchase,7.51
T002148,P24636,2026-01-07,In-App Purchase,8.39
T002149,P24636,2026-01-07,In-App Purchase,15.74
T002150,P24651,2026-01-07,In-App Purchase,7.51
T002151,P24681,2026-01-05,In-App Purchase,2.81
T002152,P24693,2026-01-14,In-App Purchase,4.99
T002153,P24700,2026-01-15,In-App Purchase,2.99
T002154,P24704,2026-01-02,In-App Purchase,14.99
T002155,P24708,2026-01-23,In-App Purchase,3.14
T002156,P24708,2026-01-18,In-App Purchase,10.49
T002157,P24711,2026-01-23,In-App Purchase,2.09
T002158,P24713,2026-01-07,In-App Purchase,4.69
T002159,P24721,2026-01-15,In-App Purchase,2.99
T002160,P24729,2026-01-17,In-App Purchase,3.14
T002161,P24729,2026-01-17,In-App Purchase,2.09
T002162,P24730,2026-01-07,In-App Purchase,1.87
T002163,P24730,2026-01-13,In-App Purchase,4.69
T002164,P24733,2026-01-15,In-App Purchase,5.24
T002165,P24744,2026-01-11,In-App Purchase,4.99
T002166,P24750,2026-01-25,In-App Purchase,2.99
T002167,P24750,2026-01-13,In-App Purchase,9.99
T002168,P24752,2026-01-09,In-App Purchase,1.87
T002169,P24760,2026-01-12,In-App Purchase,5.24
T002170,P24776,2026-01-22,In-App Purchase,1.87
T002171,P24809,2026-01-04,In-App Purchase,2.81
T002172,P24809,2026-01-02,In-App Purchase,7.51
T002173,P24833,2026-01-09,In-App Purchase,9.39
T002174,P24833,2026-01-09,In-App Purchase,1.87
T002175,P24836,2026-01-04,In-App Purchase,3.14
T002176,P24836,2026-01-03,In-App Purchase,8.39
T002177,P24856,2026-01-25,In-App Purchase,4.99
T002178,P24858,2026-01-16,In-App Purchase,2.81
T002179,P24869,2026-01-10,In-App Purchase,14.09
T002180,P24869,2026-01-12,In-App Purchase,4.69
T002181,P24908,2026-01-14,In-App Purchase,7.99
T002182,P24908,2026-01-17,In-App Purchase,2.99
T002183,P24930,2026-01-11,In-App Purchase,5.24
T002184,P24967,2026-01-10,In-App Purchase,2.09
T002185,P24967,2026-01-28,In-App Purchase,2.09
T002186,P24968,2026-01-07,In-App Purchase,9.99
T002187,P25018,2026-01-09,In-App Purchase,1.87
T002188,P25018,2026-01-03,In-App Purchase,2.81
T002189,P25029,2026-01-11,In-App Purchase,5.24
T002190,P25060,2026-01-16,In-App Purchase,1.87
T002191,P25073,2026-01-19,In-App Purchase,3.14
T002192,P25079,2026-01-23,In-App Purchase,9.99
T002193,P25112,2026-01-21,In-App Purchase,4.69
T002194,P25120,2026-01-14,In-App Purchase,4.99
T002195,P25128,2026-01-01,In-App Purchase,14.99
T002196,P25132,2026-01-28,In-App Purchase,10.49
T002197,P25132,2026-01-17,In-App Purchase,5.24
T002198,P25132,2026-01-15,In-App Purchase,5.24
T002199,P25133,2026-01-14,In-App Purchase,2.09
T002200,P25144,2026-01-11,In-App Purchase,3.14
T002201,P25144,2026-01-11,In-App Purchase,8.39
T002202,P25154,2026-01-20,In-App Purchase,9.39
T002203,P25154,2026-01-20,In-App Purchase,14.09
T002204,P25176,2026-01-22,In-App Purchase,7.51
T002205,P25176,2026-01-22,In-App Purchase,2.81
T002206,P25188,2026-01-21,In-App Purchase,2.81
T002207,P25188,2026-01-23,In-App Purchase,1.87
T002208,P25204,2026-01-12,In-App Purchase,7.51
T002209,P25212,2026-01-12,In-App Purchase,15.74
T002210,P25233,2026-01-18,In-App Purchase,1.87
T002211,P25236,2026-01-23,In-App Purchase,2.99
T002212,P25253,2026-01-24,In-App Purchase,5.24
T002213,P25253,2026-01-15,In-App Purchase,10.49
T002214,P25253,2026-01-15,In-App Purchase,3.14
T002215,P25295,2026-01-20,In-App Purchase,3.14
T002216,P25296,2026-01-28,In-App Purchase,8.39
T002217,P25296,2026-01-21,In-App Purchase,3.14
T002218,P25301,2026-01-16,In-App Purchase,2.99
T002219,P25314,2026-01-19,In-App Purchase,1.99
T002220,P25315,2026-01-10,In-App Purchase,2.09
T002221,P25315,2026-01-13,In-App Purchase,5.24
T002222,P25323,2026-01-07,In-App Purchase,4.99
T002223,P25323,2026-01-07,In-App Purchase,2.99
T002224,P25339,2026-01-21,In-App Purchase,3.14
T002225,P25366,2026-01-16,In-App Purchase,4.69
T002226,P25384,2026-01-20,In-App Purchase,1.99
T002227,P25384,2026-01-02,In-App Purchase,2.99
T002228,P25384,2026-01-20,In-App Purchase,4.99
T002229,P25396,2026-01-05,In-App Purchase,5.24
T002230,P25396,2026-01-23,In-App Purchase,5.24
T002231,P25433,2026-01-20,In-App Purchase,2.99
T002232,P25447,2026-01-10,In-App Purchase,1.99
T002233,P25448,2026-01-23,In-App Purchase,8.39
T002234,P25455,2026-01-17,In-App Purchase,2.99
T002235,P25455,2026-01-11,In-App Purchase,1.99
T002236,P25466,2026-01-19,In-App Purchase,4.99
T002237,P25466,2026-01-11,In-App Purchase,2.99
T002238,P25477,2026-01-10,In-App Purchase,8.39
T002239,P25478,2026-01-12,In-App Purchase,2.81
T002240,P25483,2026-01-04,In-App Purchase,1.87
T002241,P25483,2026-01-04,In-App Purchase,7.51
T002242,P25505,2026-02-01,In-App Purchase,15.74
T002243,P25506,2026-01-04,In-App Purchase,8.39
T002244,P25506,2026-01-03,In-App Purchase,8.39
T002245,P25518,2026-01-17,In-App Purchase,8.39
T002246,P25521,2026-01-11,In-App Purchase,8.39
T002247,P25542,2026-01-21,In-App Purchase,9.39
T002248,P25552,2026-01-07,In-App Purchase,2.09
T002249,P25556,2026-01-15,In-App Purchase,14.99
T002250,P25559,2026-01-06,In-App Purchase,8.39
T002251,P25561,2026-01-02,In-App Purchase,1.99
T002252,P25561,2026-01-02,In-App Purchase,7.99
T002253,P25561,2026-01-02,In-App Purchase,4.99
T002254,P25582,2026-01-07,In-App Purchase,4.99
T002255,P25582,2026-01-09,In-App Purchase,1.99
T002256,P25582,2026-01-09,In-App Purchase,2.99
T002257,P25593,2026-01-02,In-App Purchase,3.14
T002258,P25602,2026-01-05,In-App Purchase,7.99
T002259,P25624,2026-01-17,In-App Purchase,2.99
T002260,P25624,2026-01-15,In-App Purchase,4.99
T002261,P25624,2026-01-17,In-App Purchase,4.99
T002262,P25666,2026-01-14,In-App Purchase,9.99
T002263,P25668,2026-01-09,In-App Purchase,4.99
T002264,P25668,2026-01-09,In-App Purchase,2.99
T002265,P25673,2026-01-03,In-App Purchase,3.14
T002266,P25673,2026-01-20,In-App Purchase,2.09
T002267,P25675,2026-01-08,In-App Purchase,1.99
T002268,P25684,2026-01-16,In-App Purchase,1.99
T002269,P25709,2026-01-15,In-App Purchase,5.24
T002270,P25743,2026-01-17,In-App Purchase,1.87
T002271,P25743,2026-01-05,In-App Purchase,2.81
T002272,P25750,2026-01-10,In-App Purchase,9.99
T002273,P25750,2026-01-03,In-App Purchase,2.99
T002274,P25750,2026-01-02,In-App Purchase,4.99
T002275,P25770,2026-01-19,In-App Purchase,1.87
T002276,P25789,2026-01-07,In-App Purchase,10.49
T002277,P25793,2026-01-10,In-App Purchase,2.99
T002278,P25808,2026-01-06,In-App Purchase,4.99
T002279,P25808,2026-01-09,In-App Purchase,2.99
T002280,P25821,2026-01-06,In-App Purchase,2.09
T002281,P25846,2026-01-11,In-App Purchase,4.99
T002282,P25846,2026-01-11,In-App Purchase,7.99
T002283,P25860,2026-01-11,In-App Purchase,1.99
T002284,P25860,2026-01-12,In-App Purchase,2.99
T002285,P25865,2026-01-26,In-App Purchase,7.99
T002286,P25865,2026-01-26,In-App Purchase,14.99
T002287,P25884,2026-01-08,In-App Purchase,3.14
T002288,P25884,2026-01-05,In-App Purchase,5.24
T002289,P25908,2026-01-16,In-App Purchase,4.99
T002290,P25908,2026-01-16,In-App Purchase,9.99
T002291,P25934,2026-01-06,In-App Purchase,2.99
T002292,P25938,2026-01-08,In-App Purchase,2.99
T002293,P25938,2026-01-08,In-App Purchase,4.99
T002294,P25964,2026-01-06,In-App Purchase,3.14
T002295,P25986,2026-01-17,In-App Purchase,2.81
T002296,P25989,2026-01-22,In-App Purchase,2.09
T002297,P26002,2026-01-25,In-App Purchase,2.99
T002298,P26021,2026-01-11,In-App Purchase,7.99
T002299,P26023,2026-01-23,In-App Purchase,4.69
T002300,P26036,2026-01-23,In-App Purchase,4.69
T002301,P26040,2026-01-11,In-App Purchase,3.14
T002302,P26050,2026-01-13,In-App Purchase,14.99
T002303,P26050,2026-01-16,In-App Purchase,9.99
T002304,P26050,2026-01-11,In-App Purchase,14.99
T002305,P26050,2026-01-01,In-App Purchase,14.99
T002306,P26061,2026-01-16,In-App Purchase,7.99
T002307,P26068,2026-01-14,In-App Purchase,15.74
T002308,P26068,2026-01-14,In-App Purchase,5.24
T002309,P26073,2026-01-12,In-App Purchase,9.99
T002310,P26105,2026-01-12,In-App Purchase,3.14
T002311,P26105,2026-01-13,In-App Purchase,5.24
T002312,P26105,2026-01-07,In-App Purchase,2.09
T002313,P26121,2026-01-21,In-App Purchase,2.81
T002314,P26121,2026-01-20,In-App Purchase,2.81
T002315,P26136,2026-01-13,In-App Purchase,4.69
T002316,P26136,2026-01-08,In-App Purchase,4.69
T002317,P26149,2026-01-17,In-App Purchase,5.24
T002318,P26179,2026-01-16,In-App Purchase,2.81
T002319,P26191,2026-01-14,In-App Purchase,7.99
T002320,P26194,2026-02-01,In-App Purchase,9.39
T002321,P26208,2026-01-15,In-App Purchase,5.24
T002322,P26210,2026-01-03,In-App Purchase,8.39
T002323,P26218,2026-01-07,In-App Purchase,2.81
T002324,P26218,2026-01-07,In-App Purchase,2.81
T002325,P26247,2026-01-15,In-App Purchase,4.99
T002326,P26259,2026-01-15,In-App Purchase,2.81
T002327,P26315,2026-01-03,In-App Purchase,7.99
T002328,P26331,2026-01-11,In-App Purchase,14.99
T002329,P26334,2026-01-11,In-App Purchase,4.69
T002330,P26377,2026-01-02,In-App Purchase,7.51
T002331,P26377,2026-01-16,In-App Purchase,4.69
T002332,P26383,2026-01-16,In-App Purchase,5.24
T002333,P26391,2026-01-11,In-App Purchase,1.87
T002334,P26391,2026-01-07,In-App Purchase,7.51
T002335,P26397,2026-01-04,In-App Purchase,7.99
T002336,P26407,2026-01-15,In-App Purchase,1.99
T002337,P26409,2026-01-06,In-App Purchase,7.99
T002338,P26414,2026-01-15,In-App Purchase,3.14
T002339,P26435,2026-01-19,In-App Purchase,8.39
T002340,P26438,2026-01-10,In-App Purchase,5.24
T002341,P26451,2026-01-11,In-App Purchase,2.09
T002342,P26462,2026-01-12,In-App Purchase,4.99
T002343,P26462,2026-01-28,In-App Purchase,14.99
T002344,P26470,2026-01-14,In-App Purchase,5.24
T002345,P26474,2026-01-28,In-App Purchase,8.39
T002346,P26480,2026-01-08,In-App Purchase,5.24
T002347,P26494,2026-01-08,In-App Purchase,1.99
T002348,P26503,2026-01-09,In-App Purchase,15.74
T002349,P26519,2026-01-13,In-App Purchase,2.09
T002350,P26533,2026-01-11,In-App Purchase,9.39
T002351,P26548,2026-01-08,In-App Purchase,4.69
T002352,P26548,2026-01-21,In-App Purchase,7.51
T002353,P26566,2026-01-04,In-App Purchase,8.39
T002354,P26619,2026-01-11,In-App Purchase,1.87
T002355,P26622,2026-01-13,In-App Purchase,5.24
T002356,P26622,2026-01-02,In-App Purchase,10.49
T002357,P26661,2026-01-23,In-App Purchase,5.24
T002358,P26673,2026-01-15,In-App Purchase,2.09
T002359,P26682,2026-01-11,In-App Purchase,3.14
T002360,P26715,2026-01-15,In-App Purchase,15.74
T002361,P26734,2026-01-14,In-App Purchase,2.09
T002362,P26734,2026-01-09,In-App Purchase,15.74
T002363,P26765,2026-01-06,In-App Purchase,9.39
T002364,P26766,2026-01-07,In-App Purchase,2.09
T002365,P26766,2026-01-05,In-App Purchase,5.24
T002366,P26782,2026-01-23,In-App Purchase,4.69
T002367,P26804,2026-01-13,In-App Purchase,4.69
T002368,P26805,2026-01-06,In-App Purchase,5.24
T002369,P26833,2026-01-01,In-App Purchase,1.99
T002370,P26836,2026-01-05,In-App Purchase,9.99
T002371,P26842,2026-01-09,In-App Purchase,2.09
T002372,P26868,2026-01-15,In-App Purchase,9.39
T002373,P26872,2026-01-19,In-App Purchase,2.09
T002374,P26878,2026-01-16,In-App Purchase,8.39
T002375,P26878,2026-01-06,In-App Purchase,10.49
T002376,P26883,2026-01-16,In-App Purchase,14.99
T002377,P26923,2026-01-11,In-App Purchase,2.99
T002378,P26930,2026-01-18,In-App Purchase,2.09
T002379,P26940,2026-01-17,In-App Purchase,8.39
T002380,P26942,2026-01-15,In-App Purchase,9.99
T002381,P26949,2026-01-10,In-App Purchase,3.14
T002382,P26949,2026-01-05,In-App Purchase,5.24
T002383,P26964,2026-01-20,In-App Purchase,5.24
T002384,P26967,2026-01-06,In-App Purchase,5.24
T002385,P26980,2026-01-02,In-App Purchase,4.69
T002386,P26987,2026-01-07,In-App Purchase,1.87
T002387,P26987,2026-01-10,In-App Purchase,1.87
T002388,P26997,2026-01-08,In-App Purchase,3.14
T002389,P26998,2026-01-19,In-App Purchase,4.99
T002390,P27010,2026-01-08,In-App Purchase,2.81
T002391,P27015,2026-01-29,In-App Purchase,4.99
T002392,P27016,2026-01-08,In-App Purchase,4.99
T002393,P27017,2026-01-21,In-App Purchase,5.24
T002394,P27022,2026-01-12,In-App Purchase,4.99
T002395,P27022,2026-01-01,In-App Purchase,7.99
T002396,P27023,2026-01-14,In-App Purchase,10.49
T002397,P27028,2026-01-15,In-App Purchase,1.87
T002398,P27037,2026-01-11,In-App Purchase,2.81
T002399,P27037,2026-01-11,In-App Purchase,4.69
T002400,P27047,2026-01-14,In-App Purchase,5.24
T002401,P27091,2026-01-15,In-App Purchase,5.24
T002402,P27091,2026-01-17,In-App Purchase,2.09
T002403,P27094,2026-01-10,In-App Purchase,10.49
T002404,P27101,2026-01-21,In-App Purchase,2.81
T002405,P27101,2026-01-14,In-App Purchase,9.39
T002406,P27126,2026-01-08,In-App Purchase,5.24
T002407,P27129,2026-01-19,In-App Purchase,5.24
T002408,P27136,2026-01-15,In-App Purchase,4.99
T002409,P27136,2026-01-12,In-App Purchase,9.99
T002410,P27138,2026-01-22,In-App Purchase,3.14
T002411,P27140,2026-01-13,In-App Purchase,1.99
T002412,P27147,2026-02-02,In-App Purchase,4.69
T002413,P27169,2026-01-04,In-App Purchase,3.14
T002414,P27184,2026-01-24,In-App Purchase,3.14
T002415,P27195,2026-01-10,In-App Purchase,8.39
T002416,P27195,2026-01-10,In-App Purchase,3.14
T002417,P27201,2026-01-24,In-App Purchase,4.99
T002418,P27220,2026-01-06,In-App Purchase,5.24
T002419,P27241,2026-02-01,In-App Purchase,2.99
T002420,P27241,2026-02-01,In-App Purchase,2.99
T002421,P27245,2026-01-13,In-App Purchase,9.39
T002422,P27247,2026-01-23,In-App Purchase,1.87
T002423,P27249,2026-01-14,In-App Purchase,2.09
T002424,P27288,2026-01-11,In-App Purchase,1.99
T002425,P27345,2026-02-03,In-App Purchase,5.24
T002426,P27347,2026-01-08,In-App Purchase,5.24
T002427,P27379,2026-01-12,In-App Purchase,8.39
T002428,P27380,2026-01-15,In-App Purchase,10.49
T002429,P27395,2026-01-03,In-App Purchase,7.99
T002430,P27400,2026-01-12,In-App Purchase,2.99
T002431,P27402,2026-01-04,In-App Purchase,1.87
T002432,P27402,2026-01-01,In-App Purchase,4.69
T002433,P27402,2026-01-04,In-App Purchase,4.69
T002434,P27418,2026-01-09,In-App Purchase,3.14
T002435,P27418,2026-01-21,In-App Purchase,5.24
T002436,P27451,2026-01-27,In-App Purchase,8.39
T002437,P27457,2026-01-20,In-App Purchase,9.39
T002438,P27457,2026-01-20,In-App Purchase,2.81
T002439,P27466,2026-01-15,In-App Purchase,15.74
T002440,P27466,2026-01-26,In-App Purchase,8.39
T002441,P27489,2026-01-08,In-App Purchase,3.14
T002442,P27502,2026-01-14,In-App Purchase,4.99
T002443,P27504,2026-01-06,In-App Purchase,14.09
T002444,P27504,2026-01-03,In-App Purchase,4.69
T002445,P27504,2026-01-06,In-App Purchase,1.87
T002446,P27506,2026-01-27,In-App Purchase,5.24
T002447,P27517,2026-01-14,In-App Purchase,1.99
T002448,P27517,2026-01-04,In-App Purchase,2.99
T002449,P27527,2026-01-06,In-App Purchase,7.51
T002450,P27540,2026-01-06,In-App Purchase,1.87
T002451,P27545,2026-01-11,In-App Purchase,3.14
T002452,P27550,2026-01-12,In-App Purchase,10.49
T002453,P27564,2026-01-09,In-App Purchase,2.81
T002454,P27571,2026-01-13,In-App Purchase,8.39
T002455,P27571,2026-01-11,In-App Purchase,2.09
T002456,P27587,2026-01-07,In-App Purchase,1.99
T002457,P27587,2026-01-07,In-App Purchase,1.99
T002458,P27587,2026-01-07,In-App Purchase,4.99
T002459,P27587,2026-01-07,In-App Purchase,14.99
T002460,P27619,2026-01-11,In-App Purchase,14.09
T002461,P27619,2026-01-24,In-App Purchase,4.69
T002462,P27621,2026-01-20,In-App Purchase,1.99
T002463,P27647,2026-01-17,In-App Purchase,2.99
T002464,P27647,2026-01-15,In-App Purchase,7.99
T002465,P27647,2026-01-15,In-App Purchase,1.99
T002466,P27664,2026-01-17,In-App Purchase,2.09
T002467,P27666,2026-01-02,In-App Purchase,2.09
T002468,P27675,2026-01-14,In-App Purchase,9.39
T002469,P27675,2026-01-14,In-App Purchase,14.09
T002470,P27680,2026-01-15,In-App Purchase,2.81
T002471,P27681,2026-01-17,In-App Purchase,2.81
T002472,P27683,2026-01-10,In-App Purchase,4.69
T002473,P27731,2026-01-08,In-App Purchase,9.99
T002474,P27749,2026-01-11,In-App Purchase,8.39
T002475,P27764,2026-01-13,In-App Purchase,4.99
T002476,P27764,2026-01-22,In-App Purchase,4.99
T002477,P27780,2026-01-08,In-App Purchase,15.74
T002478,P27789,2026-01-12,In-App Purchase,9.99
T002479,P27812,2026-01-15,In-App Purchase,1.99
T002480,P27812,2026-02-02,In-App Purchase,7.99
T002481,P27820,2026-01-25,In-App Purchase,15.74
T002482,P27820,2026-01-12,In-App Purchase,10.49
T002483,P27826,2026-01-11,In-App Purchase,8.39
T002484,P27838,2026-01-13,In-App Purchase,1.99
T002485,P27840,2026-01-11,In-App Purchase,3.14
T002486,P27840,2026-01-13,In-App Purchase,10.49
T002487,P27852,2026-01-04,In-App Purchase,1.87
T002488,P27854,2026-01-12,In-App Purchase,1.87
T002489,P27865,2026-01-22,In-App Purchase,5.24
T002490,P27868,2026-01-14,In-App Purchase,3.14
T002491,P27868,2026-01-14,In-App Purchase,2.09
T002492,P27872,2026-01-24,In-App Purchase,10.49
T002493,P27874,2026-01-24,In-App Purchase,2.09
T002494,P27874,2026-01-18,In-App Purchase,8.39
T002495,P27923,2026-01-22,In-App Purchase,2.81
T002496,P27933,2026-01-10,In-App Purchase,7.51
T002497,P27936,2026-01-24,In-App Purchase,2.81
T002498,P27937,2026-01-04,In-App Purchase,9.99
T002499,P27937,2026-01-07,In-App Purchase,4.99
T002500,P27955,2026-01-10,In-App Purchase,4.99
T002501,P27957,2026-01-05,In-App Purchase,14.09
T002502,P27957,2026-01-12,In-App Purchase,1.87
T002503,P27985,2026-01-05,In-App Purchase,4.69
T002504,P27993,2026-01-19,In-App Purchase,2.09
T002505,P27994,2026-01-21,In-App Purchase,4.69
T002506,P28003,2026-01-21,In-App Purchase,7.51
T002507,P28037,2026-01-10,In-App Purchase,2.09
T002508,P28037,2026-01-08,In-App Purchase,10.49
T002509,P28056,2026-01-26,In-App Purchase,1.87
T002510,P28056,2026-01-25,In-App Purchase,7.51
T002511,P28069,2026-01-23,In-App Purchase,9.39
T002512,P28069,2026-01-14,In-App Purchase,1.87
T002513,P28069,2026-01-23,In-App Purchase,7.51
T002514,P28071,2026-01-21,In-App Purchase,1.99
T002515,P28098,2026-01-09,In-App Purchase,2.99
T002516,P28168,2026-01-06,In-App Purchase,9.39
T002517,P28189,2026-01-13,In-App Purchase,5.24
T002518,P28191,2026-01-19,In-App Purchase,7.99
T002519,P28228,2026-01-25,In-App Purchase,2.09
T002520,P28228,2026-01-25,In-App Purchase,3.14
T002521,P28239,2026-01-07,In-App Purchase,10.49
T002522,P28253,2026-01-10,In-App Purchase,9.99
T002523,P28253,2026-01-10,In-App Purchase,2.99
T002524,P28253,2026-01-07,In-App Purchase,4.99
T002525,P28253,2026-01-10,In-App Purchase,7.99
T002526,P28257,2026-01-09,In-App Purchase,4.99
T002527,P28257,2026-01-17,In-App Purchase,2.99
T002528,P28273,2026-01-16,In-App Purchase,5.24
T002529,P28294,2026-01-11,In-App Purchase,1.87
T002530,P28299,2026-01-10,In-App Purchase,2.09
T002531,P28299,2026-01-10,In-App Purchase,15.74
T002532,P28322,2026-01-24,In-App Purchase,7.99
T002533,P28322,2026-01-23,In-App Purchase,4.99
T002534,P28347,2026-01-03,In-App Purchase,7.51
T002535,P28363,2026-01-12,In-App Purchase,4.99
T002536,P28363,2026-01-16,In-App Purchase,4.99
T002537,P28381,2026-01-26,In-App Purchase,4.69
T002538,P28390,2026-01-21,In-App Purchase,9.39
T002539,P28406,2026-01-29,In-App Purchase,9.39
T002540,P28439,2026-01-14,In-App Purchase,5.24
T002541,P28442,2026-01-17,In-App Purchase,2.09
T002542,P28442,2026-01-18,In-App Purchase,10.49
T002543,P28473,2026-01-17,In-App Purchase,14.99
T002544,P28480,2026-01-09,In-App Purchase,1.87
T002545,P28480,2026-01-04,In-App Purchase,2.81
T002546,P28480,2026-01-09,In-App Purchase,4.69
T002547,P28480,2026-01-07,In-App Purchase,1.87
T002548,P28483,2026-02-01,In-App Purchase,1.99
T002549,P28494,2026-01-23,In-App Purchase,4.99
T002550,P28502,2026-01-07,In-App Purchase,10.49
T002551,P28511,2026-01-15,In-App Purchase,2.99
T002552,P28521,2026-01-13,In-App Purchase,5.24
T002553,P28523,2026-01-15,In-App Purchase,5.24
T002554,P28523,2026-01-13,In-App Purchase,2.09
T002555,P28537,2026-01-05,In-App Purchase,4.69
T002556,P28544,2026-01-19,In-App Purchase,7.99
T002557,P28574,2026-01-16,In-App Purchase,8.39
T002558,P28600,2026-01-10,In-App Purchase,2.09
T002559,P28605,2026-01-15,In-App Purchase,2.81
T002560,P28608,2026-01-23,In-App Purchase,4.69
T002561,P28615,2026-01-22,In-App Purchase,4.69
T002562,P28615,2026-01-22,In-App Purchase,2.81
T002563,P28633,2026-01-26,In-App Purchase,5.24
T002564,P28633,2026-01-13,In-App Purchase,5.24
T002565,P28696,2026-01-01,In-App Purchase,3.14
T002566,P28705,2026-01-08,In-App Purchase,14.09
T002567,P28706,2026-01-29,In-App Purchase,1.87
T002568,P28712,2026-01-11,In-App Purchase,2.81
T002569,P28718,2026-01-13,In-App Purchase,5.24
T002570,P28744,2026-01-02,In-App Purchase,3.14
T002571,P28762,2026-01-03,In-App Purchase,5.24
T002572,P28790,2026-01-08,In-App Purchase,9.39
T002573,P28814,2026-01-21,In-App Purchase,2.99
T002574,P28814,2026-01-26,In-App Purchase,2.99
T002575,P28823,2026-01-12,In-App Purchase,2.09
T002576,P28835,2026-01-13,In-App Purchase,8.39
T002577,P28835,2026-01-24,In-App Purchase,5.24
T002578,P28835,2026-01-13,In-App Purchase,5.24
T002579,P28836,2026-01-08,In-App Purchase,5.24
T002580,P28854,2026-01-10,In-App Purchase,1.87
T002581,P28854,2026-01-05,In-App Purchase,1.87
T002582,P28878,2026-02-02,In-App Purchase,2.81
T002583,P28882,2026-01-13,In-App Purchase,5.24
T002584,P28883,2026-01-08,In-App Purchase,8.39
T002585,P28883,2026-01-09,In-App Purchase,5.24
T002586,P28902,2026-01-13,In-App Purchase,8.39
T002587,P28903,2026-01-11,In-App Purchase,4.99
T002588,P28903,2026-01-05,In-App Purchase,1.99
T002589,P28922,2026-01-04,In-App Purchase,4.99
T002590,P28966,2026-01-05,In-App Purchase,1.87
T002591,P28970,2026-01-09,In-App Purchase,2.99
T002592,P28975,2026-01-17,In-App Purchase,2.09
T002593,P28982,2026-01-15,In-App Purchase,7.51
T002594,P29007,2026-02-04,In-App Purchase,4.99
T002595,P29013,2026-01-21,In-App Purchase,4.99
T002596,P29013,2026-01-18,In-App Purchase,2.99
T002597,P29038,2026-01-18,In-App Purchase,1.87
T002598,P29075,2026-01-09,In-App Purchase,2.99
T002599,P29102,2026-01-15,In-App Purchase,1.87
T002600,P29113,2026-01-13,In-App Purchase,4.99
T002601,P29133,2026-01-03,In-App Purchase,4.69
T002602,P29133,2026-01-03,In-App Purchase,4.69
T002603,P29205,2026-01-31,In-App Purchase,2.09
T002604,P29205,2026-01-25,In-App Purchase,2.09
T002605,P29208,2026-01-29,In-App Purchase,9.99
T002606,P29214,2026-01-12,In-App Purchase,14.99
T002607,P29221,2026-01-08,In-App Purchase,15.74
T002608,P29225,2026-01-03,In-App Purchase,10.49
T002609,P29225,2026-01-15,In-App Purchase,3.14
T002610,P29225,2026-01-15,In-App Purchase,15.74
T002611,P29230,2026-01-08,In-App Purchase,7.51
T002612,P29247,2026-01-03,In-App Purchase,4.99
T002613,P29255,2026-01-15,In-App Purchase,7.99
T002614,P29255,2026-01-16,In-App Purchase,7.99
T002615,P29269,2026-01-11,In-App Purchase,2.81
T002616,P29273,2026-01-18,In-App Purchase,7.51
T002617,P29273,2026-01-22,In-App Purchase,4.69
T002618,P29273,2026-01-31,In-App Purchase,1.87
T002619,P29278,2026-01-15,In-App Purchase,1.87
T002620,P29311,2026-01-04,In-App Purchase,15.74
T002621,P29328,2026-01-26,In-App Purchase,14.99
T002622,P29334,2026-01-10,In-App Purchase,4.99
T002623,P29338,2026-01-26,In-App Purchase,3.14
T002624,P29339,2026-01-30,In-App Purchase,2.09
T002625,P29355,2026-01-15,In-App Purchase,2.09
T002626,P29355,2026-01-12,In-App Purchase,8.39
T002627,P29387,2026-01-12,In-App Purchase,8.39
T002628,P29394,2026-01-17,In-App Purchase,4.69
T002629,P29394,2026-01-20,In-App Purchase,1.87
T002630,P29394,2026-01-04,In-App Purchase,2.81
T002631,P29395,2026-01-06,In-App Purchase,4.99
T002632,P29395,2026-01-06,In-App Purchase,2.99
T002633,P29398,2026-01-29,In-App Purchase,14.99
T002634,P29398,2026-01-10,In-App Purchase,7.99
T002635,P29401,2026-01-07,In-App Purchase,4.99
T002636,P29412,2026-01-17,In-App Purchase,1.99
T002637,P29412,2026-01-15,In-App Purchase,4.99
T002638,P29466,2026-01-14,In-App Purchase,5.24
T002639,P29466,2026-01-16,In-App Purchase,5.24
T002640,P29467,2026-01-12,In-App Purchase,2.09
T002641,P29467,2026-01-20,In-App Purchase,8.39
T002642,P29468,2026-01-10,In-App Purchase,5.24
T002643,P29479,2026-01-13,In-App Purchase,8.39
T002644,P29488,2026-01-20,In-App Purchase,3.14
T002645,P29488,2026-01-20,In-App Purchase,2.09
T002646,P29507,2026-01-19,In-App Purchase,1.87
T002647,P29516,2026-01-06,In-App Purchase,2.09
T002648,P29548,2026-01-09,In-App Purchase,9.39
T002649,P29568,2026-01-20,In-App Purchase,5.24
T002650,P29576,2026-01-03,In-App Purchase,8.39
T002651,P29595,2026-01-16,In-App Purchase,3.14
T002652,P29614,2026-01-30,In-App Purchase,5.24
T002653,P29635,2026-01-14,In-App Purchase,4.69
T002654,P29647,2026-01-03,In-App Purchase,14.99
T002655,P29651,2026-01-19,In-App Purchase,4.99
T002656,P29652,2026-01-21,In-App Purchase,3.14
T002657,P29652,2026-01-14,In-App Purchase,3.14
T002658,P29657,2026-01-18,In-App Purchase,5.24
T002659,P29657,2026-01-15,In-App Purchase,8.39
T002660,P29657,2026-01-15,In-App Purchase,5.24
T002661,P29662,2026-01-17,In-App Purchase,2.09
T002662,P29671,2026-01-28,In-App Purchase,2.09
T002663,P29671,2026-01-28,In-App Purchase,8.39
T002664,P29681,2026-01-16,In-App Purchase,8.39
T002665,P29686,2026-01-17,In-App Purchase,7.99
T002666,P29686,2026-01-09,In-App Purchase,14.99
T002667,P29687,2026-01-12,In-App Purchase,10.49
T002668,P29700,2026-01-19,In-App Purchase,4.69
T002669,P29700,2026-01-11,In-App Purchase,1.87
T002670,P29706,2026-01-15,In-App Purchase,2.99
T002671,P29706,2026-01-29,In-App Purchase,4.99
T002672,P29706,2026-02-01,In-App Purchase,4.99
T002673,P29711,2026-01-16,In-App Purchase,1.87
T002674,P29711,2026-01-18,In-App Purchase,7.51
T002675,P29728,2026-01-11,In-App Purchase,8.39
T002676,P29732,2026-01-18,In-App Purchase,5.24
T002677,P29738,2026-01-10,In-App Purchase,9.99
T002678,P29738,2026-01-19,In-App Purchase,14.99
T002679,P29738,2026-01-19,In-App Purchase,1.99
T002680,P29740,2026-01-08,In-App Purchase,5.24
T002681,P29753,2026-01-27,In-App Purchase,4.99
T002682,P29753,2026-01-16,In-App Purchase,2.99
T002683,P29755,2026-01-10,In-App Purchase,8.39
T002684,P29756,2026-01-14,In-App Purchase,15.74
T002685,P29759,2026-01-24,In-App Purchase,8.39
T002686,P29759,2026-01-24,In-App Purchase,10.49
T002687,P29761,2026-01-13,In-App Purchase,2.81
T002688,P29768,2026-01-03,In-App Purchase,7.51
T002689,P29772,2026-01-19,In-App Purchase,5.24
T002690,P29782,2026-01-07,In-App Purchase,4.99
T002691,P29787,2026-01-17,In-App Purchase,5.24
T002692,P29804,2026-01-15,In-App Purchase,10.49
T002693,P29811,2026-01-15,In-App Purchase,2.81
T002694,P29812,2026-01-19,In-App Purchase,1.87
T002695,P29865,2026-01-18,In-App Purchase,1.99
T002696,P29872,2026-01-03,In-App Purchase,4.69
T002697,P29880,2026-01-28,In-App Purchase,2.81
T002698,P29882,2026-01-12,In-App Purchase,10.49
T002699,P29882,2026-01-27,In-App Purchase,3.14
T002700,P29894,2026-01-09,In-App Purchase,8.39
T002701,P29898,2026-01-14,In-App Purchase,5.24
T002702,P29898,2026-01-07,In-App Purchase,5.24
T002703,P29901,2026-02-02,In-App Purchase,8.39
T002704,P29909,2026-01-22,In-App Purchase,7.51
T002705,P29926,2026-01-15,In-App Purchase,1.87
T002706,P29929,2026-01-03,In-App Purchase,2.09
T002707,P29937,2026-01-11,In-App Purchase,7.51
T002708,P29937,2026-01-05,In-App Purchase,7.51
T002709,P29941,2026-01-07,In-App Purchase,8.39
T002710,P29941,2026-01-14,In-App Purchase,2.09
T002711,P29988,2026-01-17,In-App Purchase,5.24
